/*
SQLyog Ultimate v11.11 (32 bit)
MySQL - 5.5.5-10.1.21-MariaDB : Database - casinghp
*********************************************************************
*/

/*!40101 SET NAMES utf8 */;

/*!40101 SET SQL_MODE=''*/;

/*!40014 SET @OLD_UNIQUE_CHECKS=@@UNIQUE_CHECKS, UNIQUE_CHECKS=0 */;
/*!40014 SET @OLD_FOREIGN_KEY_CHECKS=@@FOREIGN_KEY_CHECKS, FOREIGN_KEY_CHECKS=0 */;
/*!40101 SET @OLD_SQL_MODE=@@SQL_MODE, SQL_MODE='NO_AUTO_VALUE_ON_ZERO' */;
/*!40111 SET @OLD_SQL_NOTES=@@SQL_NOTES, SQL_NOTES=0 */;


/*Table structure for table `banks` */

DROP TABLE IF EXISTS `banks`;

CREATE TABLE `banks` (
  `bank_id` int(11) NOT NULL AUTO_INCREMENT,
  `bank_name` varchar(100) NOT NULL,
  `bank_account_number` varchar(100) NOT NULL,
  PRIMARY KEY (`bank_id`)
) ENGINE=InnoDB AUTO_INCREMENT=4 DEFAULT CHARSET=latin1;

/*Data for the table `banks` */

insert  into `banks`(`bank_id`,`bank_name`,`bank_account_number`) values (1,'Mandiri',''),(2,'BCA',''),(3,'BRI','');

/*Table structure for table `branches` */

DROP TABLE IF EXISTS `branches`;

CREATE TABLE `branches` (
  `branch_id` int(11) NOT NULL AUTO_INCREMENT,
  `branch_name` varchar(200) NOT NULL,
  `branch_img` text NOT NULL,
  `branch_desc` text NOT NULL,
  `branch_address` text NOT NULL,
  `branch_phone` varchar(100) NOT NULL,
  `branch_city` varchar(100) NOT NULL,
  PRIMARY KEY (`branch_id`)
) ENGINE=InnoDB AUTO_INCREMENT=5 DEFAULT CHARSET=latin1;

/*Data for the table `branches` */

insert  into `branches`(`branch_id`,`branch_name`,`branch_img`,`branch_desc`,`branch_address`,`branch_phone`,`branch_city`) values (3,'Cabang 1','1495769961_240448_9d198d8e-550b-11e4-9a0b-8a802523fab8.jpg','','alamat','0315926983','Surabaya'),(4,'Cabang 2','1495769972_240448_9d198d8e-550b-11e4-9a0b-8a802523fab8.jpg','Cabang Baru Balkpapan','Alamat','08123120398','Surabaya');

/*Table structure for table `buildings` */

DROP TABLE IF EXISTS `buildings`;

CREATE TABLE `buildings` (
  `building_id` int(11) NOT NULL AUTO_INCREMENT,
  `building_name` varchar(100) NOT NULL,
  `building_img` text NOT NULL,
  `branch_id` int(11) NOT NULL,
  PRIMARY KEY (`building_id`)
) ENGINE=InnoDB AUTO_INCREMENT=10 DEFAULT CHARSET=latin1;

/*Data for the table `buildings` */

insert  into `buildings`(`building_id`,`building_name`,`building_img`,`branch_id`) values (7,'Utama Delta','1487748710_room.png',3),(8,'Utama TP ','1487748733_room.png',4),(9,'Utama','',5);

/*Table structure for table `employees` */

DROP TABLE IF EXISTS `employees`;

CREATE TABLE `employees` (
  `employee_id` int(11) NOT NULL,
  `branch_id` int(11) NOT NULL,
  `employee_name` varchar(200) NOT NULL
) ENGINE=InnoDB DEFAULT CHARSET=latin1;

/*Data for the table `employees` */

/*Table structure for table `item_stocks` */

DROP TABLE IF EXISTS `item_stocks`;

CREATE TABLE `item_stocks` (
  `item_stock_id` int(11) NOT NULL AUTO_INCREMENT,
  `item_id` int(11) NOT NULL,
  `item_stock_qty` int(11) NOT NULL,
  `branch_id` int(11) NOT NULL,
  PRIMARY KEY (`item_stock_id`)
) ENGINE=InnoDB AUTO_INCREMENT=25 DEFAULT CHARSET=latin1;

/*Data for the table `item_stocks` */

insert  into `item_stocks`(`item_stock_id`,`item_id`,`item_stock_qty`,`branch_id`) values (21,28,12,3),(22,29,10,3),(23,0,0,3),(24,7,6,3);

/*Table structure for table `items` */

DROP TABLE IF EXISTS `items`;

CREATE TABLE `items` (
  `item_id` int(11) NOT NULL AUTO_INCREMENT,
  `item_name` varchar(100) NOT NULL,
  `item_merk` int(11) NOT NULL,
  `harga_beli` int(11) DEFAULT NULL,
  `item_price` int(11) DEFAULT NULL,
  `harga_reseller` int(11) DEFAULT NULL,
  `item_bahan` int(11) DEFAULT NULL,
  PRIMARY KEY (`item_id`)
) ENGINE=InnoDB AUTO_INCREMENT=2385 DEFAULT CHARSET=latin1;

/*Data for the table `items` */

insert  into `items`(`item_id`,`item_name`,`item_merk`,`harga_beli`,`item_price`,`harga_reseller`,`item_bahan`) values (1,'Oppo F3 Plus',21,6500,125000,60000,11),(2,'Oppo F3 Plus',21,7500,100000,55000,2),(3,'Moto M',18,6500,125000,60000,11),(4,'Moto M',18,7500,100000,55000,2),(5,'Moto Z Play',18,6500,125000,60000,11),(6,'Moto Z Force',18,7500,100000,55000,2),(7,'Tab A 7 inchi',23,6500,125000,60000,11),(8,'Coolpad Fancy Pro',8,6500,125000,60000,11),(9,'Huawei Y6II',12,6500,125000,60000,11),(10,'LG L40',15,5000,110000,55000,10),(11,'Alcatel Flash Plus 2',3,5000,110000,55000,10),(12,'S8',23,6500,125000,60000,11),(13,'J3 Pro',23,6500,125000,60000,11),(14,'Infinix Hot 4',13,6500,125000,60000,11),(15,'S8 Plus',23,6500,125000,60000,11),(16,'Tab 4 7 inchi',23,6500,125000,60000,11),(17,'Nokia 1020',19,5000,110000,55000,10),(18,'Samsung Z1',23,6500,125000,60000,11),(19,'Huawei 6X Plus',12,6500,125000,60000,11),(20,'Lumia N640',19,6500,125000,60000,11),(21,'J7 2017',23,7500,100000,55000,2),(22,'LG G6',15,7500,100000,55000,2),(23,'Oppo F1',21,7500,100000,55000,2),(24,'Vivo Y18',24,6500,125000,60000,11),(25,'BB Appolo',7,5000,110000,55000,10),(26,'Lenovo A820',14,5000,110000,55000,10),(27,'Vivo Y17',24,6500,125000,60000,11),(28,'HTC Desire 510',11,6500,125000,60000,11),(29,'Lenovo K910',14,6500,125000,60000,11),(30,'Vivo Y13',24,6500,125000,60000,11),(31,'Viov Y23',24,6500,125000,60000,11),(32,'Xperia SP',27,7500,100000,55000,2),(33,'LG Joy',15,7500,100000,55000,2),(34,'Vivo Y55',24,6500,125000,60000,11),(35,'Vivo Y55',24,7500,100000,55000,2),(36,'Vivo Y15',24,6500,125000,60000,11),(37,'Vivo Y15',24,7500,100000,55000,2),(38,'Vivo X play 3s',24,7500,100000,55000,2),(39,'Vivo X play 3s',24,5000,110000,55000,10),(40,'Vivo Y21',24,6500,125000,60000,11),(41,'Vivo Y21',24,7500,100000,55000,2),(42,'Vivo Y21',24,5000,110000,55000,10),(43,'Vivo V3 Max',24,6500,125000,60000,11),(44,'Vivo V3 Max',24,7500,100000,55000,2),(45,'Vivo X9 Plus',24,6500,125000,60000,11),(46,'Vivo X9 Plus',24,7500,100000,55000,2),(47,'Vivo V5',24,6500,125000,60000,11),(48,'Vivo V5',24,7500,100000,55000,2),(49,'Vivo Y31',24,6500,125000,60000,11),(50,'Vivo Y31',24,7500,100000,55000,11),(51,'Vivo X5 Pro',24,6500,125000,60000,11),(52,'Vivo Y35',24,6500,125000,60000,11),(53,'Vivo Y35',24,7500,100000,55000,2),(54,'Lenovo S920',14,7500,100000,55000,2),(55,'Lenovo S920',14,5000,110000,55000,10),(56,'Lenovo A1000',14,6500,125000,60000,11),(57,'Lenovo S660',14,7500,100000,55000,2),(58,'Lenovo K5 Note',14,6500,125000,60000,11),(59,'Lenovo K5 Note',14,7500,100000,55000,2),(60,'Lenovo A859',14,6500,125000,60000,11),(61,'Lenovo S60',14,6500,125000,60000,11),(62,'Lenovo S60',14,7500,100000,55000,2),(63,'Lenovo A6000',14,6500,125000,60000,11),(64,'Lenovo A6000',14,7500,100000,55000,2),(65,'Lenovo K4 Note',14,6500,125000,60000,11),(66,'Lenovo K4 Note',14,7500,100000,55000,2),(67,'Lenovo A3900',14,6500,125000,60000,11),(68,'Lenovo Vibe Shot',14,7500,100000,55000,2),(69,'Lenovo X2',14,7500,100000,55000,2),(70,'Lenovo A2020',14,6500,125000,60000,11),(71,'Lenovo A7700',14,6500,125000,60000,11),(72,'Lenovo A319',14,6500,125000,60000,11),(73,'Lenovo A6600',14,6500,125000,60000,11),(74,'Lenovo K5 Plus',14,6500,125000,60000,11),(75,'Lenovo K5 Plus',14,7500,100000,55000,2),(76,'Xperia XZ',27,6500,125000,60000,11),(77,'Xperia Z4',27,6500,125000,60000,11),(78,'Xperia Z4',27,7500,100000,55000,2),(79,'Xperia Z4',27,5000,110000,55000,10),(80,'Xperia C4',27,6500,125000,60000,11),(81,'Xperia C4',27,7500,100000,55000,2),(82,'Xperia C',27,7500,100000,55000,2),(83,'Xperia M4',27,6500,125000,60000,11),(84,'Xperia M4',27,7500,100000,55000,2),(85,'Xperia Z2',27,6500,125000,60000,11),(86,'Xperia Z2',27,7500,100000,55000,2),(87,'Xperia Z2',27,5000,110000,55000,10),(88,'Xperia T3',27,7500,100000,55000,2),(89,'Xperia T3',27,5000,110000,55000,10),(90,'Xperia ZL',27,7500,100000,55000,2),(91,'Xperia Z5',27,6500,125000,60000,11),(92,'Xperia Z5',27,7500,100000,55000,2),(93,'Xperia M2',27,6500,125000,60000,11),(94,'Xperia M2',27,5000,110000,55000,10),(95,'Xperia T2',27,6500,125000,60000,11),(96,'Xperia T2',27,7500,100000,55000,2),(97,'Xperia E3',27,7500,100000,55000,2),(98,'Xperia Z3',27,6500,125000,60000,11),(99,'Xperia Z3',27,7500,100000,55000,2),(100,'Xperia L',27,7500,100000,55000,2),(101,'Xperia L',27,5000,110000,55000,10),(102,'Xperia C6',27,7500,100000,55000,2),(103,'Xiaomi MI3',26,7500,100000,55000,2),(104,'Xiaomi Redmi 4A',26,7500,100000,55000,2),(105,'Xiaomi Redmi 3 Pro',26,6500,125000,60000,11),(106,'Xiaomi Redmi 3 Pro',26,7500,100000,55000,2),(107,'Xiaomi Mi 5s',26,6500,125000,60000,11),(108,'Xiaomi Mi 5s',26,7500,100000,55000,2),(109,'Xiaomi Note 2',26,6500,125000,60000,11),(110,'Xiaomi Note 2',26,7500,100000,55000,2),(111,'Xiaomi Mi 5s Plus',26,6500,125000,60000,11),(112,'Xiaomi Mi 5s Plus',26,7500,100000,55000,2),(113,'Xiaomi Note 3',26,6500,125000,60000,11),(114,'Xiaomi Note 3',26,7500,100000,55000,2),(115,'Xiaomi 1s',26,6500,125000,60000,11),(116,'Xiaomi 2s',26,6500,125000,60000,11),(117,'Xiaomi 2s',26,7500,100000,55000,2),(118,'Xiaomi Redmi 3X',26,6500,125000,60000,11),(119,'Xiaomi Note Pro',26,7500,100000,55000,2),(120,'Xiaomi Mi4',26,6500,125000,60000,11),(121,'Xiaomi Mi4',26,7500,100000,55000,2),(122,'Xiaomi Mi5',26,6500,125000,60000,11),(123,'Xiaomi Mi5',26,7500,100000,55000,2),(124,'LG G4',15,6500,125000,60000,11),(125,'LG G4',15,7500,100000,55000,2),(126,'LG X Power',15,7500,100000,55000,2),(127,'LG K10',15,6500,125000,60000,11),(128,'LG V20',15,6500,125000,60000,11),(129,'LG V20',15,7500,100000,55000,2),(130,'LG K8',15,6500,125000,60000,11),(131,'LG X Screen',15,6500,125000,60000,11),(132,'LG X Screen',15,7500,100000,55000,2),(133,'LG X Cam',15,6500,125000,60000,11),(134,'LG G Pro 2',15,6500,125000,60000,11),(135,'LG G Pro 2',15,6500,125000,60000,11),(136,'LG G5',15,6500,125000,60000,11),(137,'LG G5',15,7500,100000,55000,2),(138,'LG G5',15,5000,110000,55000,10),(139,'Ipad Mini 1/2/3',5,6500,125000,60000,11),(140,'Iphone 6 Plus',5,6500,125000,60000,11),(141,'Iphone 6 Plus',5,7500,100000,55000,2),(142,'Iphone 5c',5,6500,125000,60000,11),(143,'Iphone 5c',5,7500,100000,55000,2),(144,'Ipad Mini 4',5,6500,125000,60000,11),(145,'Ipad Air',5,6500,125000,60000,11),(146,'Iphone 6',5,6500,125000,60000,11),(147,'Iphone 6',5,7500,100000,55000,2),(148,'Iphone 3',5,5000,110000,55000,10),(149,'Zenfone 4',6,5000,110000,55000,10),(150,'Zenfone Selfie',6,5000,110000,55000,10),(151,'Zenfone Selfie',6,7500,100000,55000,2),(152,'Zenfone 2 5,5',6,5000,110000,55000,10),(153,'Zenfone 5',6,7500,100000,55000,2),(154,'Zenfone Go 4,5',6,6500,125000,60000,11),(155,'Zenfone Go 4,5',6,7500,100000,55000,2),(156,'Zenfone Go 4,5 2017',6,6500,125000,60000,11),(157,'Zenfone 3 Ultra',6,7500,100000,55000,2),(158,'Fonepad 8',6,6500,125000,60000,11),(159,'Zenfone 3 5,3 Inchi',6,6500,125000,60000,11),(160,'Zenfone 3 5,3 Inchi',6,7500,100000,55000,2),(161,'Zenfone 3 Laser 5,5',6,6500,125000,60000,11),(162,'Oppo Find 7',21,6500,125000,60000,11),(163,'Oppo Find 7',21,7500,100000,55000,2),(164,'Oppo R7',21,6500,125000,60000,11),(165,'Oppo R7',21,7500,100000,55000,2),(166,'Oppo R7 Plus',21,6500,125000,60000,11),(167,'Oppo R7 Plus',21,7500,100000,55000,2),(168,'Oppo Joy',21,7500,100000,55000,2),(169,'Oppo F1S',21,6500,125000,60000,11),(170,'Oppo F1S',21,7500,100000,55000,2),(171,'Oppo N1 Mini',21,7500,100000,55000,2),(172,'Oppo N1 Mini',21,5000,110000,55000,10),(173,'Oppo Neo 9',21,6500,125000,60000,11),(174,'Oppo Neo 9',21,7500,100000,55000,2),(175,'Oppo N1',21,7500,100000,55000,2),(176,'Oppo R1',21,7500,100000,55000,2),(177,'Oppo Neo 5',21,6500,125000,60000,11),(178,'Oppo Neo 5',21,7500,100000,55000,2),(179,'Oppo Mirror 3',21,7500,100000,55000,2),(180,'Oppo F1',21,6500,125000,60000,11),(181,'Oppo F1',21,7500,100000,55000,2),(182,'Oppo Joy 3',21,6500,125000,60000,11),(183,'Oppo Joy 3',21,7500,100000,55000,2),(184,'Oppo Neo',21,7500,100000,55000,2),(185,'Oppo Mirror',21,5000,110000,55000,10),(186,'Oppo Yoyo',21,6500,125000,60000,11),(187,'Oppo Neo 3',21,6500,125000,60000,11),(188,'Oppo Neo 3',21,7500,100000,55000,2),(189,'Oppo F1 Plus',21,6500,125000,60000,11),(190,'Oppo F1 Plus',21,7500,100000,55000,2),(191,'Oppo Mirror 5',21,6500,125000,60000,11),(192,'Oppo Mirror 5',21,7500,100000,55000,2),(193,'Oppo Neo 7',21,6500,125000,60000,11),(194,'Oppo Neo 7',21,7500,100000,55000,2),(195,'Oppo Find Way u7015',21,5000,110000,55000,10),(196,'Oppo Clover',21,7500,100000,55000,2),(197,'Oppo Clover',21,5000,110000,55000,10),(198,'Oppo Find 5 Mini',21,6500,125000,60000,11),(199,'Oppo Find 5 Mini',21,7500,100000,55000,2),(200,'Oppo Find 5 Mini',21,5000,110000,55000,10),(201,'Oppo N3',21,7500,100000,55000,2),(202,'Oppo R7S',21,6500,125000,60000,11),(203,'Oppo R7S',21,7500,100000,55000,2),(204,'J3',23,6500,125000,60000,11),(205,'J3',23,7500,100000,55000,2),(206,'E5',23,6500,125000,60000,11),(207,'E5',23,7500,100000,55000,2),(208,'J1 Ace',23,6500,125000,60000,11),(209,'J1 Ace',23,7500,100000,55000,2),(210,'Mega 5,8',23,6500,125000,60000,11),(211,'Mega 5,8',23,7500,100000,55000,2),(212,'Infinite',23,7500,100000,55000,2),(213,'Ace Plus',23,5000,110000,55000,10),(214,'S2',23,7500,100000,55000,2),(215,'J2',23,6500,125000,60000,11),(216,'J2',23,7500,100000,55000,2),(217,'Core',23,6500,125000,60000,11),(218,'J1 Mini',23,6500,125000,60000,11),(219,'Core 2',23,6500,125000,60000,11),(220,'E7',23,6500,125000,60000,11),(221,'E7',23,7500,100000,55000,2),(222,'A8',23,6500,125000,60000,11),(223,'S4',23,6500,125000,60000,11),(224,'S4',23,7500,100000,55000,2),(225,'S6 Edge Plus',23,7500,100000,55000,2),(226,'A7 2017',23,6500,125000,60000,11),(227,'A7 2017',23,7500,100000,55000,2),(228,'Tab 3 7 Inchi',23,7500,100000,55000,2),(229,'Champ',23,5000,110000,55000,10),(230,'S6 Edge',23,6500,125000,60000,11),(231,'S6 Edge',23,7500,100000,55000,2),(232,'Note 3',23,6500,125000,60000,11),(233,'Note 3',23,7500,100000,55000,2),(234,'Ace 3',23,9595,125000,60000,11),(235,'Ace 3',23,7500,100000,55000,2),(236,'A7 2016',23,6500,125000,60000,11),(237,'A7 2016',23,7500,100000,55000,2),(238,'A5 2017',23,6500,125000,60000,11),(239,'A5 2017',23,7500,100000,55000,2),(240,'Note Edge',23,7500,100000,55000,2),(241,'Note 8',23,5000,110000,55000,10),(242,'K Zoom',23,7500,100000,55000,2),(243,'Grand Prime',23,7500,100000,55000,2),(244,'Tab S 8,4 Inchi',23,7500,100000,55000,2),(245,'Tab S 8,4 Inchi',23,5000,110000,55000,10),(246,'Tab 4 7 Inchi',23,5000,110000,55000,10),(247,'Nexus',23,5000,110000,55000,10),(248,'Core Prime',23,5000,110000,55000,10),(249,'Core Max',23,5000,110000,55000,10),(250,'Galaxy Mini 2',23,7500,100000,55000,2),(251,'Galaxy Mini 2',23,5000,110000,55000,10),(252,'Pocket',23,5000,110000,55000,10),(253,'Pocket Neo',23,5000,110000,55000,10),(254,'Pocket 2',23,5000,110000,55000,10),(255,'Core',23,7500,100000,55000,2),(256,'Tab S2 9,7 Inchi',23,6500,125000,60000,11),(257,'J7 Prime',23,6500,125000,60000,11),(258,'J7 Prime',23,7500,100000,55000,2),(259,'J3 2017',23,6500,125000,60000,11),(260,'Tab A 9,7 Inchi',23,7500,100000,55000,2),(261,'S3',23,6500,125000,60000,11),(262,'S3',23,7500,100000,55000,2),(263,'Ativ S',23,5000,110000,55000,10),(264,'S6',23,6500,125000,60000,11),(265,'S6',23,7500,100000,55000,2),(266,'S3 Mini',23,6500,125000,60000,11),(267,'S3 Mini',23,7500,100000,55000,2),(268,'A8',23,6500,125000,60000,11),(269,'A8',23,7500,100000,55000,2),(270,'A3 2016',23,7500,100000,55000,2),(271,'A5',23,6500,125000,60000,11),(272,'A5',23,7500,100000,55000,2),(273,'A5 2016',23,6500,125000,60000,11),(274,'A5 2016',23,7500,100000,55000,2),(275,'ON7',23,7500,100000,55000,2),(276,'Grand 3',23,7500,100000,55000,2),(277,'Grand 3',23,5000,110000,55000,10),(278,'Note 1',23,6500,125000,60000,11),(279,'Note 3',23,6500,125000,60000,11),(280,'Note 3',23,7500,100000,55000,2),(281,'Note 7',23,7500,100000,55000,2),(282,'Note 4',23,6500,125000,60000,11),(283,'Note 4',23,7500,100000,55000,2),(284,'Note 4',23,5000,110000,55000,10),(285,'J7',23,6500,125000,60000,11),(286,'J7',23,7500,100000,55000,2),(287,'One Plus One',20,7500,100000,55000,2),(288,'Huawei Mate 9',12,6500,125000,60000,11),(289,'Huawei 3C 4G',12,6500,125000,60000,11),(290,'Coolpad Rise',8,5000,110000,55000,10),(291,'Huawei Mate 9 Pro',12,6500,125000,60000,11),(292,'Coolpad Roar Plus',8,6500,125000,60000,11),(293,'Acer E700',1,7500,100000,55000,2),(294,'BB Gemini',7,6500,125000,60000,11),(295,'BB Gemini',7,7500,100000,55000,2),(296,'BB Gemini',7,5000,110000,55000,10),(297,'Huawei Y6',12,6500,125000,60000,11),(298,'Huawei Honor 7',12,6500,125000,60000,11),(299,'Polymer X',22,6500,125000,60000,11),(300,'Huawei 3X',12,6500,125000,60000,11),(301,'ZTE Blade L2',28,7500,100000,55000,2),(302,'Huawei P8',12,6500,125000,60000,11),(303,'HTC M7',11,7500,100000,55000,2),(304,'Huwei Honor 6',12,7500,100000,55000,2),(305,'Meizu Note 3',16,6500,125000,60000,11),(306,'Coolpad Fancy 3',8,8809,125000,60000,11),(307,'BB Q5',7,5000,110000,55000,10),(308,'Huawei Y3',12,6500,125000,60000,11),(309,'Huawei Y5II',12,6500,125000,60000,11),(310,'Infinix Zero 2',13,6500,125000,60000,11),(311,'Huawei Y5',12,6500,125000,60000,11),(312,'One Plus Three',20,7500,100000,55000,2),(313,'Huawei GR3',12,6500,125000,60000,11),(314,'Infinix Hot Note',13,6500,125000,60000,11),(315,'One Plus X',20,6500,125000,60000,11),(316,'Coolpad Power',8,8809,125000,60000,11),(317,'Coolpad Max Lite',8,9595,125000,60000,11),(318,'Coolpad Max Lite',8,9595,110000,55000,10),(319,'Andromax C2',4,6500,125000,60000,11),(320,'Andromax C2',4,5000,110000,55000,10),(321,'Andromax C',4,6500,125000,60000,11),(322,'Andromax C3',4,5000,110000,55000,10),(323,'BB Gemini',7,5000,110000,55000,10),(324,'Infinix Zero 3',13,6500,125000,60000,11),(325,'Alcatel Flash 2',3,5000,110000,55000,10),(326,'Infinix Hot Note 2',13,6500,125000,60000,11),(327,'Moto X Play',18,7500,100000,55000,2),(328,'Huawei 4X',12,6500,125000,60000,11),(329,'Huawei 4X',12,7500,100000,55000,2),(330,'Huawei Y3II',12,6500,125000,60000,11),(331,'Huawei Y3II',12,7500,100000,55000,2),(332,'Huawei 4C',12,6500,125000,60000,11),(333,'Huawei 4C',12,7500,100000,55000,2),(334,'HTC Desire 616',11,6500,125000,60000,11),(335,'HTC Desire 616',11,7500,100000,55000,2),(336,'HTC M9',11,7500,100000,55000,2),(337,'Huawei P8 Lite',12,6500,125000,60000,11),(338,'Huawei GR5',12,6500,125000,60000,11),(339,'Moto Droid Turbo',18,7500,100000,55000,2),(340,'Acer Z200',1,5000,110000,55000,10),(341,'Andromax E2 Plus',4,6500,125000,60000,11),(342,'Huawei Mate 7',12,7500,100000,55000,2),(343,'Advan S5I',2,5000,110000,55000,10),(344,'Infinix Hot S',13,6500,125000,60000,11),(345,'Advan S5F',2,5000,110000,55000,10),(346,'Advan S5H',2,5000,110000,55000,10),(347,'Advan S5K',2,5000,110000,55000,10),(348,'Advan S5J',2,5000,110000,55000,10),(349,'Advan S5G',2,5000,110000,55000,10),(350,'Infinix Zero 4',13,6500,125000,60000,11),(351,'Lumia 535',19,7500,100000,55000,2),(352,'Coolpad Shine',8,8809,125000,60000,11),(353,'Coolpad Shine',8,8809,110000,55000,10),(354,'Meizu Note 2 (5.5inchi)',16,7500,100000,55000,2),(355,'Coolpad Sky 3',8,8809,125000,60000,11),(356,'Wiko Sign Sunset',25,7500,100000,55000,2),(357,'Mito A50',17,5000,110000,55000,10),(358,'BB Torch',7,6500,125000,60000,11),(359,'BB Onyx',7,6500,125000,60000,11),(360,'BB Onyx',7,5000,110000,55000,10),(361,'BB Z3',7,6500,125000,60000,11),(362,'BB Z3',7,7500,100000,55000,2),(363,'Meizu MX4 Pro',16,7500,100000,55000,2),(364,'Infinix Hot 4',13,6500,125000,60000,11),(365,'Xperia E',27,5000,110000,55000,10),(366,'Xperia M',27,7500,100000,55000,2),(367,'Xperia M',27,5000,110000,55000,10),(368,'Oppo Piano',21,5000,110000,55000,10),(369,'Andromax T',4,5000,110000,55000,10),(370,'Andromax Z',4,5000,110000,55000,10),(371,'Vivo Y11',24,5000,110000,55000,10),(372,'Xperia Miro',27,5000,110000,55000,10),(373,'Xperia Go',27,5000,110000,55000,10),(374,'Xperia U',27,5000,110000,55000,10),(375,'Huawei Mate 8',12,6500,125000,60000,11),(376,'Oppo U3',21,5000,110000,55000,10),(377,'lumia 510',19,5000,110000,55000,10),(378,'Lumia 520 / 525',19,5000,110000,55000,10),(379,'Lumia N525',19,5000,110000,55000,10),(380,'Lumia N1020 / 909',19,5000,110000,55000,10),(381,'Lenovo A690',14,5000,110000,55000,10),(382,'Evercross A5K',9,5000,110000,55000,10),(383,'Evercross A5S',9,5000,110000,55000,10),(384,'Evercross A5',9,5000,110000,55000,10),(385,'Evercross A5V',9,5000,110000,55000,10),(386,'Xperia E1',27,7500,100000,55000,2),(387,'Evercross Android One A65',9,6500,125000,60000,11),(388,'Nokia 532',19,6500,125000,60000,11),(389,'Nokia 640',19,6500,125000,60000,11),(390,'Oppo R3',21,5000,110000,55000,10),(391,'Xperia S',27,5000,110000,55000,10),(392,'Lenovo A766',14,6500,125000,60000,11),(393,'Lenovo P770',14,5000,110000,55000,10),(394,'Lenovo A916',14,5000,110000,55000,10),(395,'Lenovo A800',14,5000,110000,55000,10),(396,'Xperia Tipo',27,5000,110000,55000,10),(397,'Vivo Y27',24,6500,125000,60000,11),(398,'Evercross A7K',9,5000,110000,55000,10),(399,'Evercross A7B',9,5000,110000,55000,10),(400,'Evercross A7T',9,5000,110000,55000,10),(401,'BB Pearl 3G',7,5000,110000,55000,10),(402,'Lenovo A606',14,5000,110000,55000,10),(403,'BB Style',7,7500,100000,55000,2),(404,'Evercross A65A',9,5000,110000,55000,10),(405,'Evercross A26C',9,5000,110000,55000,10),(406,'LG Flex 2',15,7500,100000,55000,2),(407,'Vivo Y33',24,6500,125000,60000,11),(408,'BB Storm 1/2',7,5000,110000,55000,10),(409,'Andromax I2',4,5000,110000,55000,10),(410,'Andromax I',4,5000,110000,55000,10),(411,'Andromax I3',4,5000,110000,55000,10),(412,'Andromax V',4,5000,110000,55000,10),(413,'Evercross A12',9,5000,110000,55000,10),(414,'Evercross A28',9,5000,110000,55000,10),(415,'Evercross A22',9,5000,110000,55000,10),(416,'Xperia P',27,5000,110000,55000,10),(417,'Vivo Y37',24,7500,100000,55000,2),(418,'LG L50',15,5000,110000,55000,10),(419,'LG L1II',15,5000,110000,55000,10),(420,'Samsung Z1',23,5000,110000,55000,10),(421,'LG L4',15,5000,110000,55000,10),(422,'LG L3II',15,5000,110000,55000,10),(423,'LG L5II',15,5000,110000,55000,10),(424,'LG L3II',15,5000,110000,55000,10),(425,'LG L40',15,5000,110000,55000,10),(426,'LG G2 Lite',15,5000,110000,55000,10),(427,'Lumia 730',19,6500,125000,60000,11),(428,'Lumia 730',19,7500,100000,55000,2),(429,'Lumia 720',19,5000,110000,55000,10),(430,'Lumia 540',19,7500,100000,55000,2),(431,'Lenovo K910',14,7500,100000,55000,2),(432,'Lenovo K910',14,5000,110000,55000,10),(433,'Lenovo K910',14,6500,125000,60000,11),(434,'Nokia X2',19,6500,125000,60000,11),(435,'Nokia X2',19,5000,110000,55000,10),(436,'Lumia 430',19,7500,100000,55000,2),(437,'Lenovo A369i',14,5000,110000,55000,10),(438,'Lenovo A369T',14,5000,110000,55000,10),(439,'Lenovo A316i',14,5000,110000,55000,10),(440,'Lumia 625',19,7500,100000,55000,2),(441,'Lumia 625',19,5000,110000,55000,10),(442,'Lumia 620',19,5000,110000,55000,10),(443,'Lumia 630',19,5000,110000,55000,10),(444,'Lumia 635',19,6500,125000,60000,11),(445,'Lumia 925',19,7500,100000,55000,2),(446,'Lenovo S820',14,5000,110000,55000,10),(447,'Lenovo A3300',14,6500,125000,60000,11),(448,'Lenovo S960',14,7500,100000,55000,2),(449,'Lenovo A830',14,5000,110000,55000,10),(450,'Lenovo A269i',14,6500,125000,60000,11),(451,'Lenovo A269i',14,5000,110000,55000,10),(452,'Lenovo P700',14,5000,110000,55000,10),(453,'Lumia 435',19,6500,125000,60000,11),(454,'Lenovo S560',14,5000,110000,55000,10),(455,'Nokia ASA',19,5000,110000,55000,10),(456,'Nokia 503',19,5000,110000,55000,10),(457,'Nokia N311',19,5000,110000,55000,10),(458,'Lenovo K900',14,5000,110000,55000,10),(459,'Nokia 640 XL',19,7500,100000,55000,2),(460,'Nokia 640 XL',19,6500,125000,60000,11),(461,'Lenovo S890',14,7500,100000,55000,2),(462,'Lenovo S890',14,5000,110000,55000,10),(463,'Lenovo S880',14,5000,110000,55000,10),(464,'Lenovo A516',14,6500,125000,60000,11),(465,'Lenovo S860',14,5000,110000,55000,10),(466,'Lenovo S860',14,6500,125000,60000,11),(467,'Lenovo S720',14,5000,110000,55000,10),(468,'Lenovo S720',14,7500,100000,55000,2),(469,'Lenovo A328',14,5000,110000,55000,10),(470,'Lenovo A526',14,6500,125000,60000,11),(471,'Lumia 950 XL',19,7500,100000,55000,2),(472,'Advan S4E',2,5000,110000,55000,10),(473,'Advan S4H',2,6500,125000,60000,11),(474,'Advan S4C',2,5000,110000,55000,10),(475,'Advan S4M',2,6500,125000,60000,11),(476,'Advan S45A',2,5000,110000,55000,10),(477,'Advan S4A Plus',2,6500,125000,60000,11),(478,'Advan S4D',2,5000,110000,55000,10),(479,'Advan S4 Plus',2,5000,110000,55000,10),(480,'Xiaomi Max',26,6500,125000,60000,11),(481,'Xiaomi Redmi 3',26,6500,125000,60000,11),(482,'Coolpad Star',8,20000,110000,55000,10),(483,'Coolpad Fancy 3',8,6500,125000,60000,11),(484,'BB Q20',7,6500,125000,60000,11),(485,'Meizu M2 5inchi',16,6500,125000,60000,11),(486,'Xperia M5',27,6500,125000,60000,11),(487,'Oppo A57',21,6500,125000,60000,11),(488,'Lenovo P1',14,6500,125000,60000,11),(489,'Lenovo S90',14,6500,125000,60000,11),(490,'Lenovo S90',14,5000,110000,55000,10),(491,'Grand Prime',23,6500,125000,60000,11),(492,'Mega 5,8',23,6500,125000,60000,11),(493,'J5',23,6500,125000,60000,11),(494,'J7 2016',23,6500,125000,60000,11),(495,'Tab 4 8 inchi',23,5000,110000,55000,10),(496,'Zenfone 3 ZE552KL',23,6500,125000,60000,11),(497,'Zenfone 2 Laser 6',23,6500,125000,60000,11),(498,'LG Stylus 2',23,6500,125000,60000,11),(499,'LG V10',23,6500,125000,60000,11),(500,'Xperia C3',23,6500,125000,60000,11),(501,'Xperia C5',27,6500,125000,60000,11),(502,'Zenfone C',6,5000,110000,55000,10),(503,'Zenfone C',6,6500,125000,60000,11),(504,'Zenfone 4s',6,5000,110000,55000,10),(505,'Zenfone 3 Deluxe',6,6500,125000,60000,11),(506,'LG G3 Beat',15,5000,110000,55000,10),(507,'LG G3 Stylus',15,6500,125000,60000,11),(508,'LG G2 Mini',15,6500,125000,60000,11),(509,'LG G2 Mini',15,5000,110000,55000,10),(510,'Coolpad Max',8,6500,125000,60000,11),(511,'Coolpad Soar',8,20000,110000,55000,10),(512,'Coolpad Soar',8,8809,125000,60000,11),(513,'J2 Prime',23,6500,125000,60000,11),(514,'J3 Prime / 2017',23,6500,125000,60000,11),(515,'Zenfone Max 5,2',6,6500,125000,60000,11),(516,'Zenfone Max 5,5',6,6500,125000,60000,11),(517,'Zenfone Max 5,5',6,5000,110000,55000,10),(518,'Zenfone Pegasus',6,6500,125000,60000,11),(519,'HTC Desire 816',11,6500,125000,60000,11),(520,'Zenfone 2 5',6,5000,110000,55000,10),(521,'Zenfone 2 5',6,6500,125000,60000,11),(522,'Meizu M3s',16,6500,125000,60000,11),(523,'Meizu M3s',16,5000,110000,55000,10),(524,'Coolpad Roar 3',8,8809,125000,60000,11),(525,'Xiaomi Redmi 3',26,7500,100000,55000,2),(526,'BB Q20',7,7500,100000,55000,2),(527,'Lenovo P1',14,7500,100000,55000,2),(528,'Lenovo S90',14,7500,100000,55000,2),(529,'Lenovo S850',14,7500,100000,55000,2),(530,'Xperia C3',27,7500,100000,55000,2),(531,'Xperia C5',27,7500,100000,55000,2),(532,'Zenfone C',6,7500,100000,55000,2),(533,'Zenfone 3 Deluxe',6,7500,100000,55000,2),(534,'J2 Prime',23,7500,100000,55000,2),(535,'J3 Prime / 2017',23,7500,100000,55000,2),(536,'Zenfone Max 5,2',6,7500,100000,55000,2),(537,'Zenfone Max 5,5',6,7500,100000,55000,2),(538,'Moto G',18,7500,100000,55000,2),(539,'Zenfone 2 5',6,7500,100000,55000,2),(540,'Meizu M3S',16,7500,100000,55000,2),(541,'Ace 2',23,7500,100000,55000,2),(542,'Mega 5,8',23,7500,100000,55000,2),(543,'Oppo N1',21,7500,100000,55000,2),(544,'Oppo Neo 5',21,7500,100000,55000,2),(545,'Xperia Z ultra',27,7500,100000,55000,2),(546,'Xperia Z3 Mini',27,7500,100000,55000,2),(547,'Xperia Z',27,7500,100000,55000,2),(548,'LG G4 Beat',15,7500,100000,55000,2),(549,'LG G Pro Lite',15,7500,100000,55000,2),(550,'Lenovo S930',14,7500,100000,55000,2),(551,'Lenovo P1m',14,7500,100000,55000,2),(552,'Tab s 10 inchi',23,7500,100000,55000,2),(553,'Mega 6,3',23,7500,100000,55000,2),(554,'Mega 6,3',23,7500,100000,55000,2),(555,'J1 2016',23,7500,100000,55000,2),(556,'Meizu MX3',16,7500,100000,55000,2),(557,'BB Z30',7,7500,100000,55000,2),(558,'Nexus 5X',15,7500,100000,55000,2),(559,'LG G2',15,7500,100000,55000,2),(560,'LG G pro',15,7500,100000,55000,2),(561,'Meizu Note',16,7500,100000,55000,2),(562,'Zenfone 2 Laser 5',6,7500,100000,55000,2),(563,'LG Leon',15,7500,100000,55000,2),(564,'Xperia E3',27,7500,100000,55000,2),(565,'BB Samoa',7,7500,100000,55000,2),(566,'Ipad 2/3/4',5,7500,100000,55000,2),(567,'Ipad Air 2',5,7500,100000,55000,2),(568,'A3',23,7500,100000,55000,2),(569,'Xiaomi Redmi 4',26,7500,100000,55000,2),(570,'Core 2',23,7500,100000,55000,2),(571,'J2 2016',23,7500,100000,55000,2),(572,'Grand Prime',23,7500,100000,55000,2),(573,'J1 2016',23,7500,100000,55000,2),(574,'J5 2016',23,7500,100000,55000,2),(575,'Grand 2',23,7500,100000,55000,2),(576,'Vivo V5 Plus',24,7500,100000,55000,2),(577,'Xperia ZR',27,7500,100000,55000,2),(578,'LG G4 Stylus',15,7500,100000,55000,2),(579,'Xperia Z1 Mini',27,7500,100000,55000,2),(580,'Zenfone Go',6,7500,100000,55000,2),(581,'Oppo R1',21,7500,100000,55000,2),(582,'LG L70',15,7500,100000,55000,2),(583,'LG L90',15,7500,100000,55000,2),(584,'Iphone 7 Plus',5,7500,100000,55000,2),(585,'S5',23,7500,100000,55000,2),(586,'Itouch 4',5,7500,100000,55000,2),(587,'S6',23,7500,100000,55000,2),(588,'Xperia Z5 Mini',27,7500,100000,55000,2),(589,'Xperia Z4 Mini',27,7500,100000,55000,2),(590,'Xperia Z3 Tablet',27,7500,100000,55000,2),(591,'Samsung C9 Pro',23,7500,100000,55000,2),(592,'Coolpad Roar 3',8,8809,125000,60000,11),(593,'LG G6',15,6500,125000,60000,11),(594,'Andromax Q',4,6500,125000,60000,11),(595,'Coolpad Sky 3',8,8809,125000,60000,11),(596,'J2',23,6500,125000,60000,11),(597,'J5 2016',23,6500,125000,60000,11),(598,'S6 EDGE',23,6500,125000,60000,11),(599,'Xiaomi Mi4i',26,6500,125000,60000,11),(600,'J3 Prime / 2017',23,6500,125000,60000,11),(601,'J7 2016',23,6500,125000,60000,11),(602,'LG Fino',15,6500,125000,60000,11),(603,'Zenfone 2 Laser 5',6,6500,125000,60000,11),(604,'Samsung C7',23,6500,125000,60000,11),(605,'LG Leon',15,6500,125000,60000,11),(606,'Xperia E3',27,6500,125000,60000,11),(607,'Xperia E3',27,5000,110000,55000,10),(608,'BB Samoa',7,5000,110000,55000,10),(609,'A7',23,6500,125000,60000,11),(610,'Ipad 2/3/4',5,6500,125000,60000,11),(611,'Ipad 2/3/4',5,5000,110000,55000,10),(612,'A9 Pro',23,6500,125000,60000,11),(613,'Ipad Mini 1/2/3',5,6500,125000,60000,11),(614,'Tab S2 8 Inchi',23,6500,125000,60000,11),(615,'Xiaomi Redmi 4',26,6500,125000,60000,11),(616,'J1 2016',23,6500,125000,60000,11),(617,'J1',23,6500,125000,60000,11),(618,'J1',23,5000,110000,55000,10),(619,'J5 2016',23,6500,125000,60000,11),(620,'Vivo V5 Plus',24,6500,125000,60000,11),(621,'Xperia ZR',27,5000,110000,55000,10),(622,'LG G4 Stylus',15,6500,125000,60000,11),(623,'Andromax U2',4,5000,110000,55000,10),(624,'Andromax U3',4,5000,110000,55000,10),(625,'Xperia Z1 Mini',27,5000,110000,55000,10),(626,'Zenfone Go',6,6500,125000,60000,11),(627,'Oppo R1',21,6500,125000,60000,11),(628,'LG L70',15,5000,110000,55000,10),(629,'Iphone 7 Plus',5,6500,125000,60000,11),(630,'Xiaomi Mi2',26,6500,125000,60000,11),(631,'S5',23,6500,125000,60000,11),(632,'A3',23,6500,125000,60000,11),(633,'S4 MINI',23,6500,125000,60000,11),(634,'S4 MINI',23,5000,110000,55000,10),(635,'Fame',23,5000,110000,55000,10),(636,'S7',23,6500,125000,60000,11),(637,'A5',23,6500,125000,60000,11),(638,'S4 Active',23,5000,110000,55000,10),(639,'Huawei P9',12,6500,125000,60000,11),(640,'Xiaomi Note 2',26,6500,125000,60000,11),(641,'A7',23,6500,125000,60000,11),(642,'A7',23,5000,110000,55000,10),(643,'S7 Edge',23,6500,125000,60000,11),(644,'Infinix Hot 3',13,6500,125000,60000,11),(645,'Ace 4',23,6500,125000,60000,11),(646,'Iphone 7',5,6500,125000,60000,11),(647,'Vivo Y28',24,6500,125000,60000,11),(648,'Vivo Y35',24,6500,125000,60000,11),(649,'LG L80',15,6500,125000,60000,11),(650,'Vivo X7',24,6500,125000,60000,11),(651,'Vivo X Max',24,6500,125000,60000,11),(652,'LG Bello',15,5000,110000,55000,10),(653,'Andromax V3s',4,5000,110000,55000,10),(654,'Andromax L',4,6500,125000,60000,11),(655,'Samsung Z2',23,6500,125000,60000,11),(656,'Samsung C5',23,6500,125000,60000,11),(657,'BB Bellagio',7,5000,110000,55000,10),(658,'A3 2017',23,6500,125000,60000,11),(659,'Andromax E2',4,6500,125000,60000,11),(660,'J1 Mini Prime',23,6500,125000,60000,11),(661,'J5 Prime',23,6500,125000,60000,11),(662,'Acer Z5',1,5000,110000,55000,10),(663,'J7',23,6500,125000,60000,11),(664,'Y Duos S6102',23,5000,110000,55000,10),(665,'Young S6310',23,6500,125000,60000,11),(666,'Young S6310',23,5000,110000,55000,10),(667,'Young 2 G130',23,6500,125000,60000,11),(668,'Y S5360',23,6500,125000,60000,11),(669,'Chat',23,5000,110000,55000,10),(670,'S6 EDGE',23,6500,125000,60000,11),(671,'Xiaomi Mi4i',26,5000,110000,55000,10),(672,'Xiaomi Mi4i',26,6500,125000,60000,11),(673,'Xiaomi Redmi 4 Prime',26,6500,125000,60000,11),(674,'S4 Mini',23,7500,100000,55000,2),(675,'S7',23,7500,100000,55000,2),(676,'A5',23,7500,100000,55000,2),(677,'A9 Pro',23,7500,100000,55000,2),(678,'A7',23,7500,100000,55000,2),(679,'S7 EDGE',23,7500,100000,55000,2),(680,'Ace 4',23,7500,100000,55000,2),(681,'Iphone 7',5,7500,100000,55000,2),(682,'Vivo Y28',24,7500,100000,55000,2),(683,'LG Bello',15,7500,100000,55000,2),(684,'A3 2017',23,7500,100000,55000,2),(685,'J1 Mini Prime',23,7500,100000,55000,2),(686,'Acer Z5',1,7500,100000,55000,2),(687,'Core',23,7500,100000,55000,2),(688,'J7',23,7500,100000,55000,2),(689,'Itouch 5/6',5,7500,100000,55000,2),(690,'Xiaomi Mi4i',26,7500,100000,55000,2),(691,'Xiaomi Redmi 4 Prime',26,7500,100000,55000,2),(692,'BB Z10',7,7500,100000,55000,2),(693,'Tab 3 8 inchi',23,7500,100000,55000,2),(694,'Tab A 9,7 inchi',23,7500,100000,55000,2),(695,'Ace 1',23,7500,100000,55000,2),(696,'BB Pasport',7,7500,100000,55000,2),(697,'Xperia M2',27,7500,100000,55000,2),(698,'Xperia M5',27,7500,100000,55000,2),(699,'J2',23,7500,100000,55000,2),(700,'J5',23,7500,100000,55000,2),(701,'J7 2016',23,7500,100000,55000,2),(702,'Tab 4 8 inchi',23,7500,100000,55000,2),(703,'Zenfone 4',6,7500,100000,55000,2),(704,'Zenfone 3 ZE552KL',6,7500,100000,55000,2),(705,'LG K5',15,7500,100000,55000,2),(706,'LG V10',15,7500,100000,55000,2),(707,'Oppo R1X',21,7500,100000,55000,2),(708,'Oppo A39',21,7500,100000,55000,2),(709,'LG G3 Beat',15,7500,100000,55000,2),(710,'LG G2 Mini',15,7500,100000,55000,2),(711,'Huawei 3C',12,7500,100000,55000,2),(712,'Oppo Mirror 3',21,7500,100000,55000,2),(713,'Xperia Z1',27,7500,100000,55000,2),(714,'J1 Mini Prime',23,6500,125000,60000,11),(715,'Vivo X Shoot',24,5000,110000,55000,10),(716,'Vivo X Shoot',24,6500,125000,60000,11),(717,'Win i8150',23,5000,110000,55000,10),(718,'Oppo Neo 5',21,6500,125000,60000,11),(719,'Oppo Mirror 3',21,6500,125000,60000,11),(720,'Xperia Z1',27,6500,125000,60000,11),(721,'Zenfone Max',6,6500,125000,60000,11),(722,'Andromax R2',4,6500,125000,60000,11),(723,'Xperia Z3 Mini',27,6500,125000,60000,11),(724,'Lenovo P70',14,6500,125000,60000,11),(725,'Lenovo A850',14,6500,125000,60000,11),(726,'Lenovo A850+',14,6500,125000,60000,11),(727,'Lenovo A5500',14,6500,125000,60000,11),(728,'Lenovo A2010',14,6500,125000,60000,11),(729,'Lenovo P1M',14,6500,125000,60000,11),(730,'Lenovo S580',14,5000,110000,55000,10),(731,'Lenovo A5000',14,6500,125000,60000,11),(732,'Grand',23,6500,125000,60000,11),(733,'Ace Duos',23,5000,110000,55000,10),(734,'Xperia Z5 Plus / Premium',27,7500,100000,55000,2),(735,'Xperia Z5 Plus / Premium',27,5000,110000,55000,10),(736,'Zenfone 6',6,7500,100000,55000,2),(737,'Zenfone 6',6,6500,125000,60000,11),(738,'Xperia E4',27,7500,100000,55000,2),(739,'Xperia E4',27,5000,110000,55000,10),(740,'Xperia E4',27,6500,125000,60000,11),(741,'Lenovo A7000',14,7500,100000,55000,2),(742,'Lenovo A7000',14,6500,125000,60000,11),(743,'J5 2016',23,7500,100000,55000,2),(744,'J5 2016',23,6500,125000,60000,11),(745,'Tab S2 9,7 inchi',23,7500,100000,55000,2),(746,'Tab S2 9,7 inchi',23,6500,125000,60000,11),(747,'Mega 2',23,7500,100000,55000,2),(748,'Mega 2',23,6500,125000,60000,11),(749,'Grand 2',23,7500,100000,55000,2),(750,'Grand 2',23,6500,125000,60000,11),(751,'A3 2016',23,7000,135000,85000,9),(752,'Oppo R7',21,7000,135000,85000,9),(753,'Oppo R7S',21,7000,135000,85000,9),(754,'A8',23,7000,135000,85000,9),(755,'A7 2016',23,7000,135000,85000,9),(756,'S7 EDGE',23,7000,135000,85000,9),(757,'A5 2016',23,7000,135000,85000,9),(758,'Xiaomi Note',26,7000,135000,85000,9),(759,'Vivo Y55',24,7000,135000,85000,9),(760,'Xiaomi Redmi 3 Pro',26,7000,135000,85000,9),(761,'Xioami 2s',26,7000,135000,85000,9),(762,'Vivo V5',24,7000,135000,85000,9),(763,'Xiaomi Note 4',26,7000,135000,85000,9),(764,'Xiaomi Mi5',26,7000,135000,85000,9),(765,'Xiaomi Note 3',26,7000,135000,85000,9),(766,'Vivo Y35',24,7000,135000,85000,9),(767,'Vivo V3',24,7000,135000,85000,9),(768,'Vivo Y55',24,7000,135000,85000,9),(769,'Xiaomi Note 2',26,7000,135000,85000,9),(770,'Iphone 6',5,7000,135000,85000,9),(771,'Iphone 6 Plus',5,7000,135000,85000,9),(772,'Iphone 7',5,7000,135000,85000,9),(773,'Iphone 7 Plus',5,7000,135000,85000,9),(774,'Xiaomi MI5',26,7000,135000,85000,9),(775,'Vivo Y51',24,7000,135000,85000,9),(776,'Vivo X7',24,7000,135000,85000,9),(777,'Vivo X Play 5',24,7000,135000,85000,9),(778,'A7 2017',23,7000,135000,85000,9),(779,'A5 2017',23,7000,135000,85000,9),(780,'J7 Prime',23,7000,135000,85000,9),(781,'Oppo Neo 7',21,7000,135000,85000,9),(782,'J5 Prime',23,7000,135000,85000,9),(783,'Oppo A39',21,7000,135000,85000,9),(784,'Oppo F1s',21,7000,135000,85000,9),(785,'Oppo F1',21,7000,135000,85000,9),(786,'Oppo F1 Plus',21,7000,135000,85000,9),(787,'Oppo Neo 9',21,7000,135000,85000,9),(788,'Note 4',23,7000,135000,85000,9),(789,'A7',23,7000,135000,85000,9),(790,'J5',23,7000,135000,85000,9),(791,'J7 2016',23,7000,135000,85000,9),(792,'J3',23,7000,135000,85000,9),(793,'Note 3',23,7000,135000,85000,9),(794,'A5',23,7000,135000,85000,9),(795,'J7',23,7000,135000,85000,9),(796,'S6',23,7000,135000,85000,9),(797,'S7 EDGE',23,7000,135000,85000,9),(798,'J2',23,7000,135000,85000,9),(799,'J5 2016',23,7000,135000,85000,9),(800,'Note 5',23,7000,135000,85000,9),(801,'J2 2016',23,7000,135000,85000,9),(802,'ON5',23,7000,135000,85000,9),(803,'Samsung C5',23,7000,135000,85000,9),(804,'S6 Edge Plus',23,7000,135000,85000,9),(805,'',0,NULL,NULL,NULL,NULL),(806,'',0,NULL,NULL,NULL,NULL),(807,'Vivo X3L',24,9000,150000,80000,1),(808,'Vivo Y55',24,9000,150000,80000,1),(809,'Vivo Y51',24,9000,150000,80000,1),(810,'Vivo Y35',24,9000,150000,80000,1),(811,'Vivo X5L',24,9000,150000,80000,1),(812,'Zenfone 3 Max 5,5',6,9000,150000,80000,1),(813,'LG G3 Mini',15,9000,150000,80000,1),(814,'HTC Desire 816',11,9000,150000,80000,1),(815,'LG G3',15,9000,150000,80000,1),(816,'One Plus One',20,9000,150000,80000,1),(817,'LG G3 Stylus',15,9000,150000,80000,1),(818,'LG G4 Stylus',15,9000,150000,80000,1),(819,'LG X Power',15,9000,150000,80000,1),(820,'LG G5',15,9000,150000,80000,1),(821,'Moto G',18,9000,150000,80000,1),(822,'Vivo X5 Pro',24,9000,150000,80000,1),(823,'ON5',23,9000,150000,80000,1),(824,'HTC One X',11,9000,150000,80000,1),(825,'LG K10',15,9000,150000,80000,1),(826,'HTC M9',11,9000,150000,80000,1),(827,'HTC M7',11,9000,150000,80000,1),(828,'HTC M8',11,9000,150000,80000,1),(829,'LG V20',15,9000,150000,80000,1),(830,'Alcatel Flash 2',3,9000,150000,80000,1),(831,'LG G4',15,9000,150000,80000,1),(832,'Lumia 535',19,9000,150000,80000,1),(833,'LG V10',15,9000,150000,80000,1),(834,'LG G2 Mini',15,9000,150000,80000,1),(835,'Ipad Air',5,9000,150000,80000,1),(836,'Ipad 2/3/4',5,9000,150000,80000,1),(837,'Zenfone 2 Laser 6',6,9000,150000,80000,1),(838,'Zenfone C',6,9000,150000,80000,1),(839,'Coolpad Max',8,9000,150000,80000,1),(840,'Zenfone 3 5,2',6,9000,150000,80000,1),(841,'Zenfone 2 5,5',6,9000,150000,80000,1),(842,'Zenfone 2 Laser 5,5',6,9000,150000,80000,1),(843,'Zenfone 3 Deluxe',6,9000,150000,80000,1),(844,'Zenfone 5',6,9000,150000,80000,1),(845,'Xiaomi Note 4',26,9000,150000,80000,1),(846,'Zenfone Go',6,9000,150000,80000,1),(847,'Zenfone 3 5,5',6,9000,150000,80000,1),(848,'Zenfone 6',6,9000,150000,80000,1),(849,'Zenfone Selfie',6,9000,150000,80000,1),(850,'S6 Edge',23,9000,150000,80000,1),(851,'Alpha',23,9000,150000,80000,1),(852,'E5',23,9000,150000,80000,1),(853,'Note 4',23,9000,150000,80000,1),(854,'S4 Mini',23,9000,150000,80000,1),(855,'S3 Mini',23,9000,150000,80000,1),(856,'J1 Ace',23,9000,150000,80000,1),(857,'S5',23,9000,150000,80000,1),(858,'Ace 3',23,9000,150000,80000,1),(859,'Core 2',23,9000,150000,80000,1),(860,'A8',23,9000,150000,80000,1),(861,'S4',23,9000,150000,80000,1),(862,'J1',23,9000,150000,80000,1),(863,'J2 2016',23,9000,150000,80000,1),(864,'S2',23,9000,150000,80000,1),(865,'Xiaomi Max',26,9000,150000,80000,1),(866,'Xiaomi Mi4',26,9000,150000,80000,1),(867,'Xiaomi Mi3',26,9000,150000,80000,1),(868,'Xiaomi Note 5',26,9000,150000,80000,1),(869,'Xiaomi Redmi 2s',26,9000,150000,80000,1),(870,'Xiaomi Mi2',26,9000,150000,80000,1),(871,'Xiaomi Redmi 3s',26,9000,150000,80000,1),(872,'Xiaomi Mi 5s Plus',26,9000,150000,80000,1),(873,'Xiaomi Mi4s',26,9000,150000,80000,1),(874,'Xiaomi Note 2',26,9000,150000,80000,1),(875,'Xiaomi Note',26,9000,150000,80000,1),(876,'Xiaomi Mi4i',26,9000,150000,80000,1),(877,'Xiaomi Redmi 3x',26,9000,150000,80000,1),(878,'Xiaomi Redmi 1s',26,9000,150000,80000,1),(879,'Xiaomi Note 3',26,9000,150000,80000,1),(880,'Xiaomi Mi5',26,9000,150000,80000,1),(881,'Xperia Z1',27,9000,150000,80000,1),(882,'Xperia X',27,9000,150000,80000,1),(883,'Xperia E4',27,9000,150000,80000,1),(884,'Xperia C5',27,9000,150000,80000,1),(885,'Xperia C4',27,9000,150000,80000,1),(886,'Xperia E5',27,9000,150000,80000,1),(887,'Xperia M2',27,9000,150000,80000,1),(888,'Xperia M5',27,9000,150000,80000,1),(889,'Xperia M4',27,9000,150000,80000,1),(890,'Xperia Z5',27,9000,150000,80000,1),(891,'Xperia Z4',27,9000,150000,80000,1),(892,'Xperia C3',27,9000,150000,80000,1),(893,'Xperia XA',27,9000,150000,80000,1),(894,'Xperia T3',27,9000,150000,80000,1),(895,'Xperia T2',27,9000,150000,80000,1),(896,'Xperia Z5 Mini',27,9000,150000,80000,1),(897,'Xperia Z3 Mini',27,9000,150000,80000,1),(898,'Xperia Z',27,9000,150000,80000,1),(899,'Xperia C6',27,9000,150000,80000,1),(900,'Xperia SP',27,9000,150000,80000,1),(901,'Xperia Z3',27,9000,150000,80000,1),(902,'Xperia Z2',27,9000,150000,80000,1),(903,'Xiaomi Redmi 4 Pro',27,9000,150000,80000,1),(904,'Xiaomi Redmi Pro',27,9000,150000,80000,1),(905,'Xiaomi Mi 5s',27,9000,150000,80000,1),(906,'Xiaomi Redmi 4 Prime',27,9000,150000,80000,1),(907,'ON7',23,9000,150000,80000,1),(908,'Nexus 5',15,9000,150000,80000,1),(909,'LG G2',15,9000,150000,80000,1),(910,'Meizu M2 Note',16,9000,150000,80000,1),(911,'Lenovo K910',14,9000,150000,80000,1),(912,'A8 2016',23,9000,150000,80000,1),(913,'J3 Pro',23,9000,150000,80000,1),(914,'Note 6',23,9000,150000,80000,1),(915,'Meizu Note',16,9000,150000,80000,1),(916,'Zenfone 3 Ultra',6,9000,150000,80000,1),(917,'Lenovo K920',14,9000,150000,80000,1),(918,'Samsung Z3',23,9000,150000,80000,1),(919,'Vivo V3',24,9000,150000,80000,1),(920,'Vivo X Shoot',24,9000,150000,80000,1),(921,'Nexus 6',15,9000,150000,80000,1),(922,'Nexus 5x',15,9000,150000,80000,1),(923,'Ace 2',23,9000,150000,80000,1),(924,'A5',23,9000,150000,80000,1),(925,'A3 2016',23,9000,150000,80000,1),(926,'Grand 3',23,9000,150000,80000,1),(927,'Grand 2',23,9000,150000,80000,1),(928,'J2',23,9000,150000,80000,1),(929,'J7 2017',23,9000,150000,80000,1),(930,'J7 Prime',23,9000,150000,80000,1),(931,'J5 Prime',23,9000,150000,80000,1),(932,'S7 Edge',23,9000,150000,80000,1),(933,'J2 Prime',23,9000,150000,80000,1),(934,'A3 2017',23,9000,150000,80000,1),(935,'A7 2016',23,9000,150000,80000,1),(936,'A9 Pro',23,9000,150000,80000,1),(937,'A9 Pro',23,9000,150000,80000,1),(938,'J7 2016',23,9000,150000,80000,1),(939,'Grand 1',23,9000,150000,80000,1),(940,'Note 3 Neo',23,9000,150000,80000,1),(941,'J5 2016',23,9000,150000,80000,1),(942,'S7',23,9000,150000,80000,1),(943,'S6',23,9000,150000,80000,1),(944,'A7',23,9000,150000,80000,1),(945,'A5 2016',23,9000,150000,80000,1),(946,'S6 Edge Plus',23,9000,150000,80000,1),(947,'Mega 5,8',23,9000,150000,80000,1),(948,'J3',23,9000,150000,80000,1),(949,'J1 2016',23,9000,150000,80000,1),(950,'J3 Prime / 2017',23,9000,150000,80000,1),(951,'Note 2',23,9000,150000,80000,1),(952,'Note 3',23,9000,150000,80000,1),(953,'Mega 6,3',23,9000,150000,80000,1),(954,'E7',23,9000,150000,80000,1),(955,'Note 1',23,9000,150000,80000,1),(956,'Note 5',23,9000,150000,80000,1),(957,'Note Edge',23,9000,150000,80000,1),(958,'A3',23,9000,150000,80000,1),(959,'LG Stylus 2',15,9000,150000,80000,1),(960,'Oppo A39',21,9000,150000,80000,1),(961,'Lenovo K5 Plus',14,9000,150000,80000,1),(962,'Lenovo K4 Note',14,9000,150000,80000,1),(963,'LG G3 Stylus',15,9000,150000,80000,1),(964,'Google Pixel XL',10,9000,150000,80000,1),(965,'Lenovo P2',14,9000,150000,80000,1),(966,'Lenovo P1',14,9000,150000,80000,1),(967,'Lenovo A6000',14,9000,150000,80000,1),(968,'Lenovo K5 Note',14,9000,150000,80000,1),(969,'Oppo F1',21,9000,150000,80000,1),(970,'Oppo Neo 9',21,9000,150000,80000,1),(971,'Lenovo P1m',14,9000,150000,80000,1),(972,'Oppo F1 Plus',21,9000,150000,80000,1),(973,'Oppo R7s',21,9000,150000,80000,1),(974,'Iphone 7 Plus',5,9000,150000,80000,1),(975,'Oppo R7',21,9000,150000,80000,1),(976,'Lenovo A536',14,9000,150000,80000,1),(977,'Iphone 4',5,9000,150000,80000,1),(978,'Oppo Neo 5',21,9000,150000,80000,1),(979,'Iphone 5c',5,9000,150000,80000,1),(980,'Iphone 5',5,9000,150000,80000,1),(981,'Itouch 5/6',5,9000,150000,80000,1),(982,'Iphone 7',5,9000,150000,80000,1),(983,'Iphone 6',5,9000,150000,80000,1),(984,'Iphone 6 Plus',5,9000,150000,80000,1),(985,'S3',23,9000,150000,80000,1),(986,'Core',23,9000,150000,80000,1),(987,'J5 2016',23,14000,150000,100000,6),(988,'J5 2016',23,14000,150000,100000,5),(989,'A7 2017',23,14000,150000,100000,4),(990,'A7 2017',23,14000,150000,100000,6),(991,'S6 Edge Plus',23,14000,150000,100000,4),(992,'S6 Edge Plus',23,14000,150000,100000,6),(993,'S6 Edge Plus',23,14000,150000,100000,5),(994,'A3',23,14000,150000,100000,4),(995,'A3',23,14000,150000,100000,6),(996,'A3',23,14000,150000,100000,5),(997,'A5 2017',23,14000,150000,100000,4),(998,'A5 2017',23,14000,150000,100000,6),(999,'Note 4',23,14000,150000,100000,4),(1000,'Note 4',23,14000,150000,100000,6),(1001,'Note 4',23,14000,150000,100000,5),(1002,'Iphone 7',5,14000,150000,100000,4),(1003,'Iphone 7',5,14000,150000,100000,6),(1004,'Iphone 7',5,14000,150000,100000,5),(1005,'Note 5',23,14000,150000,100000,4),(1006,'Note 5',23,14000,150000,100000,6),(1007,'Note 5',23,14000,150000,100000,5),(1008,'S7',23,14000,150000,100000,4),(1009,'S7',23,14000,150000,100000,6),(1010,'S7',23,14000,150000,100000,5),(1011,'Iphone 6 Plus',5,14000,150000,100000,6),(1012,'Iphone 6 Plus',23,14000,150000,100000,5),(1013,'A5',23,14000,150000,100000,4),(1014,'A5',23,14000,150000,100000,6),(1015,'A5',23,14000,150000,100000,5),(1016,'J7 Prime',23,14000,150000,100000,4),(1017,'J7 Prime',23,14000,150000,100000,6),(1018,'J7 Prime',23,14000,150000,100000,5),(1019,'Iphone 5',5,14000,150000,100000,4),(1020,'Iphone 5',5,14000,150000,100000,6),(1021,'Iphone 5',5,14000,150000,100000,5),(1022,'Note 3',23,14000,150000,100000,4),(1023,'Note 3',23,14000,150000,100000,6),(1024,'Note 3',23,14000,150000,100000,5),(1025,'S7 Edge',23,14000,150000,100000,4),(1026,'S7 Edge',23,14000,150000,100000,6),(1027,'S7 Edge',23,14000,150000,100000,5),(1028,'Iphone 7 Plus',5,14000,150000,100000,4),(1029,'Iphone 7 Plus',5,14000,150000,100000,6),(1030,'Iphone 7 Plus',5,14000,150000,100000,5),(1031,'J5 Prime',23,14000,150000,100000,4),(1032,'J5 Prime',23,14000,150000,100000,6),(1033,'Iphone 4',5,14000,150000,100000,6),(1034,'Iphone 4',5,14000,150000,100000,5),(1035,'S6 Edge',23,14000,150000,100000,4),(1036,'S6 Edge',23,14000,150000,100000,6),(1037,'S6 Edge',23,14000,150000,100000,5),(1038,'S6',23,14000,150000,100000,4),(1039,'S6',23,14000,150000,100000,6),(1040,'S6',23,14000,150000,100000,5),(1041,'A7 2016',23,14000,150000,100000,4),(1042,'A7 2016',23,14000,150000,100000,6),(1043,'A7 2016',23,14000,150000,100000,5),(1044,'Iphone 6 Plus',5,14000,150000,100000,4),(1045,'Iphone 6 Plus',5,14000,150000,100000,5),(1046,'Iphone 6',5,14000,150000,100000,4),(1047,'Iphone 6',5,14000,150000,100000,6),(1048,'Iphone 6',5,14000,150000,100000,5),(1049,'Xperia Z3 Mini',27,10000,150000,70000,3),(1050,'Xperia Z3 Mini',27,10000,150000,70000,8),(1051,'Zenfone 3 Laser 5,5',6,10000,150000,70000,3),(1052,'Zenfone 3 Laser 5,5',6,10000,150000,70000,8),(1053,'HTC One X',11,10000,150000,70000,3),(1054,'HTC One X',11,10000,150000,70000,8),(1055,'Xperia Z1 Mini',27,10000,150000,70000,3),(1056,'Xperia Z1 Mini',27,10000,150000,70000,8),(1057,'LG L5II',15,10000,150000,70000,3),(1058,'LG L5II',15,10000,150000,70000,8),(1059,'Xiaomi Note 4',26,10000,150000,70000,3),(1060,'Xiaomi Note 4',26,10000,150000,70000,8),(1061,'Htc M7',11,10000,150000,70000,3),(1062,'Htc M7',11,10000,150000,70000,8),(1063,'Oppo Neo 9',21,10000,150000,70000,3),(1064,'Nokia X2',19,10000,150000,70000,3),(1065,'Nokia X2',19,10000,150000,70000,8),(1066,'HTC M8',11,10000,150000,70000,3),(1067,'HTC M8',11,10000,150000,70000,8),(1068,'Xperia M5',27,10000,150000,70000,3),(1069,'Xperia M5',27,10000,150000,70000,8),(1070,'HTC XL G21',11,10000,150000,70000,3),(1071,'HTC XL G21',11,10000,150000,70000,8),(1072,'Huawei P9 Lite',12,10000,150000,70000,3),(1073,'Huawei P9 Lite',12,10000,150000,70000,8),(1074,'Google Pixel XL',10,10000,150000,70000,3),(1075,'Google Pixel XL',10,10000,150000,70000,8),(1076,'Huawei 3C',12,10000,150000,70000,3),(1077,'Huawei 3C',12,10000,150000,70000,8),(1078,'Xiaomi Max',26,10000,150000,70000,3),(1079,'Xiaomi Max',26,10000,150000,70000,8),(1080,'Zenfone 5',6,10000,150000,70000,3),(1081,'Zenfone 5',6,10000,150000,70000,8),(1082,'LG G2',15,10000,150000,70000,3),(1083,'LG G2',15,10000,150000,70000,8),(1084,'HTC Desire 816',11,10000,150000,70000,3),(1085,'HTC Desire 816',11,10000,150000,70000,8),(1086,'LG L90',15,10000,150000,70000,3),(1087,'LG L90',15,10000,150000,70000,8),(1088,'LG V20',15,10000,150000,70000,3),(1089,'LG V20',15,10000,150000,70000,8),(1090,'LG Stylus 2',15,10000,150000,70000,3),(1091,'LG Stylus 2',15,10000,150000,70000,8),(1092,'LG G4',15,10000,150000,70000,3),(1093,'LG G4',15,10000,150000,70000,8),(1094,'LG G3',15,10000,150000,70000,3),(1095,'LG G3',15,10000,150000,70000,8),(1096,'Zenfone Selfie',6,10000,150000,70000,8),(1097,'Zenfone Go',6,10000,150000,70000,3),(1098,'Zenfone Go',6,10000,150000,70000,8),(1099,'LG G4 Stylus',15,10000,150000,70000,3),(1100,'LG G4 Stylus',15,10000,150000,70000,8),(1101,'Zenfone Go 5,5',6,10000,150000,70000,3),(1102,'Zenfone Go 5,5',6,10000,150000,70000,8),(1103,'Zenfone 3 5,5',6,10000,150000,70000,3),(1104,'Zenfone 3 5,5',6,10000,150000,70000,8),(1105,'Zenfone 2 Laser 5,5',6,10000,150000,70000,3),(1106,'Zenfone 2 Laser 5,5',6,10000,150000,70000,8),(1107,'Zenfone 2 Laser 5',6,10000,150000,70000,3),(1108,'Zenfone 2 Laser 5',6,10000,150000,70000,8),(1109,'Zenfone 2 5,5',6,10000,150000,70000,3),(1110,'Zenfone 2 5,5',6,10000,150000,70000,8),(1111,'Zenfone 6',6,10000,150000,70000,3),(1112,'Zenfone 6',6,10000,150000,70000,8),(1113,'BB Q10',7,10000,150000,70000,3),(1114,'BB Q10',7,10000,150000,70000,8),(1115,'Oppo Neo 7',21,10000,150000,70000,3),(1116,'Oppo Neo 7',21,10000,150000,70000,8),(1117,'Oppo A39',21,10000,150000,70000,3),(1118,'Oppo A39',21,10000,150000,70000,8),(1119,'Oppo R7 Plus',21,10000,150000,70000,3),(1120,'Oppo R7 Plus',21,10000,150000,70000,8),(1121,'Xiaomi Note 3',26,10000,150000,70000,3),(1122,'Oppo R7',21,10000,150000,70000,3),(1123,'Oppo R7',21,10000,150000,70000,8),(1124,'Oppo Neo 5',21,10000,150000,70000,3),(1125,'Oppo F1',21,10000,150000,70000,3),(1126,'Oppo F1',21,10000,150000,70000,8),(1127,'Oppo F1 Plus',21,10000,150000,70000,3),(1128,'Oppo F1 Plus',21,10000,150000,70000,8),(1129,'Xperia C4',27,10000,150000,70000,3),(1130,'Xperia C4',27,10000,150000,70000,8),(1131,'Xperia Z2',27,10000,150000,70000,3),(1132,'Xperia Z2',27,10000,150000,70000,8),(1133,'Xperia Z5',27,10000,150000,70000,3),(1134,'Xperia Z5',27,10000,150000,70000,8),(1135,'Xiaomi Mi5',26,10000,150000,70000,3),(1136,'Xiaomi Mi5',26,10000,150000,70000,8),(1137,'LG L70',15,10000,150000,70000,3),(1138,'LG L70',15,10000,150000,70000,8),(1139,'Xperia C3',27,10000,150000,70000,3),(1140,'Xperia C3',27,10000,150000,70000,8),(1141,'Xperia E4',27,10000,150000,70000,3),(1142,'Xperia E4',27,10000,150000,70000,8),(1143,'Xperia Z4',27,10000,150000,70000,3),(1144,'Xperia Z4',27,10000,150000,70000,8),(1145,'Xperia C',27,10000,150000,70000,3),(1146,'Xperia C',27,10000,150000,70000,8),(1147,'Xperia T2',27,10000,150000,70000,3),(1148,'Xperia T2',27,10000,150000,70000,8),(1149,'Xperia C5',27,10000,150000,70000,3),(1150,'Xperia C5',27,10000,150000,70000,8),(1151,'Xperia Z2 Mini',27,10000,150000,70000,3),(1152,'Xperia Z2 Mini',27,10000,150000,70000,8),(1153,'Xperia M2',27,10000,150000,70000,3),(1154,'Xperia M2',27,10000,150000,70000,8),(1155,'Xperia Z',27,10000,150000,70000,3),(1156,'Xperia Z',27,10000,150000,70000,8),(1157,'Xperia Z1',27,10000,150000,70000,3),(1158,'Xperia Z1',27,10000,150000,70000,8),(1159,'Xperia T3',27,10000,150000,70000,3),(1160,'Xperia T3',27,10000,150000,70000,8),(1161,'Xperia Z3',27,10000,150000,70000,3),(1162,'Xperia Z3',27,10000,150000,70000,8),(1163,'Xiaomi Redmi 3 Pro',26,10000,150000,70000,3),(1164,'Mega 2',23,10000,150000,70000,3),(1165,'Mega 2',23,10000,150000,70000,8),(1166,'Grand 3',23,10000,150000,70000,3),(1167,'Grand 3',23,10000,150000,70000,8),(1168,'J7 Prime',23,10000,150000,70000,3),(1169,'A3',23,10000,150000,70000,3),(1170,'A3',23,10000,150000,70000,8),(1171,'J2 2016',23,10000,150000,70000,3),(1172,'J2 2016',23,10000,150000,70000,8),(1173,'S4 Mini',23,10000,150000,70000,3),(1174,'S4 Mini',23,10000,150000,70000,8),(1175,'S6 Edge Plus',23,10000,150000,70000,3),(1176,'S6 Edge Plus',23,10000,150000,70000,8),(1177,'Core 2',23,10000,150000,70000,3),(1178,'Core 2',23,10000,150000,70000,8),(1179,'S7 Edge',23,10000,150000,70000,3),(1180,'S7 Edge',23,10000,150000,70000,8),(1181,'J5 2016',23,10000,150000,70000,3),(1182,'J5 2016',23,10000,150000,70000,8),(1183,'Grand 1',23,10000,150000,70000,3),(1184,'Grand 1',23,10000,150000,70000,8),(1185,'Note 4',23,10000,150000,70000,3),(1186,'Note 4',23,10000,150000,70000,8),(1187,'A7 2016',23,10000,150000,70000,3),(1188,'A7 2016',23,10000,150000,70000,8),(1189,'A5 2016',23,10000,150000,70000,3),(1190,'A5 2016',23,10000,150000,70000,8),(1191,'Mega 6,3',23,10000,150000,70000,3),(1192,'Mega 6,3',23,10000,150000,70000,8),(1193,'A5',23,10000,150000,70000,3),(1194,'A5',23,10000,150000,70000,8),(1195,'A8',23,10000,150000,70000,3),(1196,'A8',23,10000,150000,70000,8),(1197,'Note 1',23,10000,150000,70000,3),(1198,'Note 1',23,10000,150000,70000,8),(1199,'Note 3',23,10000,150000,70000,3),(1200,'Note 3',23,10000,150000,70000,8),(1201,'E5',23,10000,150000,70000,3),(1202,'E5',23,10000,150000,70000,8),(1203,'J7 2016',23,10000,150000,70000,3),(1204,'J7 2016',23,10000,150000,70000,8),(1205,'J2 2016',23,10000,150000,70000,3),(1206,'J2 2016',23,10000,150000,70000,8),(1207,'A5 2017',23,10000,150000,70000,8),(1208,'Grand 2',23,10000,150000,70000,3),(1209,'Grand 2',23,10000,150000,70000,8),(1210,'S5',23,10000,150000,70000,3),(1211,'S5',23,10000,150000,70000,8),(1212,'Nexus 5',15,10000,150000,70000,3),(1213,'Nexus 5',15,10000,150000,70000,8),(1214,'BB Z10',7,10000,150000,70000,3),(1215,'BB Z10',7,10000,150000,70000,8),(1216,'LG L7II',15,10000,150000,70000,3),(1217,'LG L7II',15,10000,150000,70000,8),(1218,'Xiaomi Mi3',26,10000,150000,70000,3),(1219,'Xiaomi Mi3',26,10000,150000,70000,8),(1220,'Vivo Y35',24,10000,150000,70000,3),(1221,'Vivo Y35',24,10000,150000,70000,8),(1222,'Xiaomi Mi Note Pro',26,10000,150000,70000,3),(1223,'Xiaomi Mi Note Pro',26,10000,150000,70000,8),(1224,'Nexus 6',15,10000,150000,70000,3),(1225,'Nexus 6',15,10000,150000,70000,8),(1226,'HTC M9',11,10000,150000,70000,3),(1227,'HTC M9',11,10000,150000,70000,8),(1228,'Lenovo S850',14,10000,150000,70000,3),(1229,'Lenovo S850',14,10000,150000,70000,8),(1230,'Xiaomi Redmi 3',26,10000,150000,70000,3),(1231,'Xiaomi Redmi 3',26,10000,150000,70000,8),(1232,'Xiaomi Redmi 1s',26,10000,150000,70000,3),(1233,'Xiaomi Redmi 1s',26,10000,150000,70000,8),(1234,'Nokia XL',19,10000,150000,70000,3),(1235,'Nokia XL',19,10000,150000,70000,8),(1236,'A5 2016',23,10000,150000,70000,3),(1237,'A5 2016',23,10000,150000,70000,8),(1238,'A5 2016',23,14000,150000,100000,5),(1239,'Oppo F1s',21,10000,150000,70000,3),(1240,'Oppo F1s',21,10000,150000,70000,8),(1241,'Iphone 4',5,10000,150000,70000,3),(1242,'Iphone 4',5,10000,150000,70000,8),(1243,'Lenovo A6000',14,10000,150000,70000,3),(1244,'Lenovo A6000',14,10000,150000,70000,8),(1245,'S4 Mini',23,10000,150000,70000,3),(1246,'S4 Mini',23,10000,150000,70000,8),(1247,'Lenovo K5 Note',14,10000,150000,70000,3),(1248,'Lenovo K5 Note',14,10000,150000,70000,8),(1249,'Ace 4',23,10000,150000,70000,3),(1250,'Ace 4',23,10000,150000,70000,8),(1251,'Huawei P9',12,10000,150000,70000,3),(1252,'Huawei P9',12,10000,150000,70000,8),(1253,'J1 Ace',23,10000,150000,70000,3),(1254,'J1 Ace',23,10000,150000,70000,8),(1255,'Lenovo A7000',14,10000,150000,70000,3),(1256,'Lenovo A7000',14,10000,150000,70000,8),(1257,'Iphone 6',5,10000,150000,70000,3),(1258,'Iphone 6',5,10000,150000,70000,8),(1259,'Xiaomi Note 3',26,10000,150000,70000,3),(1260,'Xiaomi Note 3',26,10000,150000,70000,8),(1261,'S3',23,10000,150000,70000,3),(1262,'S3',23,10000,150000,70000,8),(1263,'Xiaomi Mi4i',26,10000,150000,70000,3),(1264,'Xiaomi Mi4i',26,10000,150000,70000,8),(1265,'Xiaomi Note 2',26,10000,150000,70000,3),(1266,'Xiaomi Note 2',26,10000,150000,70000,8),(1267,'S7',23,10000,150000,70000,3),(1268,'S7',23,10000,150000,70000,8),(1269,'Iphone 5',5,10000,150000,70000,3),(1270,'Iphone 5',5,10000,150000,70000,8),(1271,'Xiaomi Mi4',26,10000,150000,70000,3),(1272,'Xiaomi Mi4',26,10000,150000,70000,8),(1273,'Xiaomi Note',26,10000,150000,70000,3),(1274,'Xiaomi Note',26,10000,150000,70000,8),(1275,'S6',23,10000,150000,70000,3),(1276,'S6',23,10000,150000,70000,8),(1277,'Iphone 5c',5,10000,150000,70000,3),(1278,'Iphone 5c',5,10000,150000,70000,8),(1279,'Xperia M4',27,10000,150000,70000,3),(1280,'Xperia M4',27,10000,150000,70000,8),(1281,'Itouch 5/6',5,10000,150000,70000,3),(1282,'Itouch 5/6',5,10000,150000,70000,8),(1283,'Lenovo K4 note',14,10000,150000,70000,3),(1284,'Lenovo K4 note',14,10000,150000,70000,8),(1285,'Nexus 4',15,10000,150000,70000,3),(1286,'Nexus 4',15,10000,150000,70000,8),(1287,'Huawei P8 Lite',12,10000,150000,70000,3),(1288,'Huawei P8 Lite',12,10000,150000,70000,8),(1289,'J1 2016',23,10000,150000,70000,3),(1290,'S6 Edge',23,10000,150000,70000,3),(1291,'S6 Edge',23,10000,150000,70000,8),(1292,'Xperia Z5 Mini',27,10000,150000,70000,3),(1293,'Xperia Z5 Mini',27,10000,150000,70000,8),(1294,'Iphone 7',5,10000,150000,70000,3),(1295,'Iphone 7',5,10000,150000,70000,8),(1296,'J5',23,10000,150000,70000,3),(1297,'J5',23,10000,150000,70000,8),(1298,'Iphone 7 Plus',5,10000,150000,70000,3),(1299,'Iphone 7 Plus',5,10000,150000,70000,8),(1300,'Xperia XA',27,10000,150000,70000,3),(1301,'Xperia XA',27,10000,150000,70000,8),(1302,'J3',23,10000,150000,70000,3),(1303,'J3',23,10000,150000,70000,8),(1304,'J7',23,10000,150000,70000,3),(1305,'J7',23,10000,150000,70000,8),(1306,'Ace 1',23,10000,150000,70000,3),(1307,'Ace 1',23,10000,150000,70000,8),(1308,'Tab 3 7 Inchi',23,10000,150000,70000,3),(1309,'Tab 3 7 Inchi',23,10000,150000,70000,8),(1310,'J2 Prime',23,10000,150000,70000,3),(1311,'J2 Prime',23,10000,150000,70000,8),(1312,'S2',23,10000,150000,70000,3),(1313,'S2',23,10000,150000,70000,8),(1314,'J5 Prime',23,10000,150000,70000,8),(1315,'Tab 4 7 Inchi',23,10000,150000,70000,3),(1316,'Tab 4 7 Inchi',23,10000,150000,70000,8),(1317,'Tab 2 7 Inchi',23,10000,150000,70000,3),(1318,'Tab 2 7 Inchi',23,10000,150000,70000,8),(1319,'J1',23,10000,150000,70000,3),(1320,'J1',23,10000,150000,70000,8),(1321,'Core 1',23,10000,150000,70000,3),(1322,'Core 1',23,10000,150000,70000,8),(1323,'A3 2016',23,10000,150000,70000,3),(1324,'A3 2016',23,10000,150000,70000,8),(1325,'Note 3 Neo',23,10000,150000,70000,3),(1326,'Note 3 Neo',23,10000,150000,70000,8),(1327,'Ace 3',23,10000,150000,70000,3),(1328,'Ace 3',23,10000,150000,70000,8),(1329,'A7',23,10000,150000,70000,3),(1330,'A7',23,10000,150000,70000,8),(1331,'Note 5',23,10000,150000,70000,3),(1332,'Note 5',23,10000,150000,70000,8),(1333,'A9',23,10000,150000,70000,3),(1334,'A9',23,10000,150000,70000,8),(1335,'Grand Prime',23,10000,150000,70000,3),(1336,'Grand Prime',23,10000,150000,70000,8),(1337,'E7',23,10000,150000,70000,3),(1338,'E7',23,10000,150000,70000,8),(1339,'Note 2',23,10000,150000,70000,3),(1340,'Note 2',23,10000,150000,70000,8),(1341,'Iphone 6 Plus',5,10000,150000,70000,3),(1342,'Iphone 6 Plus',5,10000,150000,70000,8),(1343,'Moto Droid Turbo XT1254',18,6500,125000,60000,11),(1344,'Moto Droid Turbo XT1254',18,7500,100000,55000,2),(1345,'Xiaomi Note 4',26,6500,125000,60000,11),(1346,'A5 2017',23,6500,125000,60000,11),(1347,'',0,NULL,NULL,NULL,NULL),(1348,'',0,NULL,NULL,NULL,NULL),(1349,'Xperia C3',27,6500,125000,60000,11),(1350,'J2 Prime',23,5959,125000,60000,11),(1351,'Oppo F1s',21,6500,125000,60000,11),(1352,'J7 Prime',23,6500,125000,60000,11),(1353,'Oppo Neo 7',21,6500,125000,60000,11),(1354,'Oppo Neo 7',21,7500,100000,55000,2),(1355,'Oppo F1',21,6500,125000,60000,11),(1356,'LG Stylus 2',15,6500,125000,60000,11),(1357,'HTC M9 Plus',11,6500,125000,60000,11),(1358,'Oppo A39',21,6500,125000,60000,11),(1359,'Oppo F1 Plus',21,6500,125000,60000,11),(1360,'Oppo F1 Plus',21,7500,100000,55000,2),(1361,'Oppo Neo 9',21,6500,125000,60000,11),(1362,'Coolpad Shine',9,8809,125000,60000,11),(1363,'Oppo Neo 5',21,6500,125000,60000,11),(1364,'A5 2016',23,6500,125000,60000,11),(1365,'Iphone 5',5,6500,125000,60000,11),(1366,'',0,NULL,NULL,NULL,NULL),(1367,'',0,NULL,NULL,NULL,NULL),(1368,'A3',23,NULL,125000,60000,11),(1369,'A3 2016',23,NULL,125000,60000,11),(1370,'A5',23,NULL,125000,60000,11),(1371,'A5 2016',23,NULL,125000,60000,11),(1372,'A7 2016',23,NULL,100000,55000,2),(1373,'A8',23,NULL,100000,55000,2),(1374,'Andromax R2',4,NULL,125000,60000,11),(1375,'Samsung C5',23,NULL,100000,55000,2),(1376,'Coolpad Max Lite',9,NULL,125000,60000,11),(1377,'Coolpad Max Lite',9,NULL,110000,55000,10),(1378,'Coolpad Roar Plus',9,NULL,125000,60000,11),(1379,'Coolpad Sky',9,NULL,125000,60000,11),(1380,'Coolpad Sky 3',9,NULL,125000,60000,11),(1381,'E5',23,NULL,125000,60000,11),(1382,'Grand 1',23,NULL,125000,60000,11),(1383,'Grand Prime',23,NULL,125000,60000,11),(1384,'Grand Prime',23,NULL,100000,55000,2),(1385,'Huawei P8 Lite',12,NULL,125000,60000,11),(1386,'Huawei Y3II',12,NULL,125000,60000,11),(1387,'Huawei Y6',12,NULL,125000,60000,11),(1388,'Iphone 5',5,NULL,125000,60000,11),(1389,'Iphone 6',5,NULL,100000,55000,2),(1390,'Iphone 6 Plus',5,NULL,125000,60000,11),(1391,'Iphone 7',5,NULL,100000,55000,2),(1392,'iphone 7',5,NULL,125000,60000,11),(1393,'iphone 7 plus',5,NULL,100000,55000,2),(1394,'iphone7  plus',5,NULL,125000,60000,11),(1395,'j1 ace',23,NULL,100000,55000,2),(1396,'j2',23,NULL,100000,55000,2),(1397,'j2',23,NULL,125000,60000,11),(1398,'j2 prime',23,NULL,125000,60000,11),(1399,'j2 prime',23,NULL,100000,55000,2),(1400,'j3 pro',23,NULL,125000,60000,11),(1401,'j5',23,NULL,100000,55000,2),(1402,'j5',23,NULL,125000,60000,11),(1403,'j5 2016',23,NULL,100000,55000,2),(1404,'j5 prime',23,NULL,125000,60000,11),(1405,'j7 prime',23,NULL,100000,55000,2),(1406,'lenovo a7000',14,NULL,100000,55000,2),(1407,'lenovo k5',14,NULL,100000,55000,2),(1408,'lenovo p1',14,NULL,125000,60000,11),(1409,'lenovo vibe shoot',14,NULL,100000,55000,2),(1410,'lg g3 stylus',15,NULL,125000,60000,11),(1411,'lg stylus 2',15,NULL,125000,60000,11),(1412,'lg x power',15,NULL,100000,55000,2),(1413,'lg x power',15,NULL,125000,60000,11),(1414,'mega 5,8',23,NULL,125000,60000,11),(1415,'note 3',23,NULL,125000,60000,11),(1416,'note 3 neo',23,NULL,125000,60000,11),(1417,'note 4',23,NULL,125000,60000,11),(1418,'note 5',23,NULL,125000,60000,11),(1419,'oppo a39',21,NULL,125000,60000,11),(1420,'oppo f1',21,NULL,125000,60000,11),(1421,'oppo f1 plus',21,NULL,100000,55000,2),(1422,'oppo f1 plus',21,NULL,125000,60000,11),(1423,'oppo f1s',21,NULL,125000,60000,11),(1424,'oppo f1s',21,NULL,100000,55000,2),(1425,'oppo mirror',21,NULL,110000,55000,10),(1426,'oppo neo 7',21,NULL,125000,60000,11),(1427,'oppo neo 9',21,NULL,125000,60000,11),(1428,'oppo neo 9',21,NULL,100000,55000,2),(1429,'oppo r1x',21,NULL,100000,55000,2),(1430,'oppo yoyo',21,NULL,125000,60000,11),(1431,'s4',23,NULL,100000,55000,2),(1432,'s5',23,NULL,125000,60000,11),(1433,'s7 edge',23,NULL,100000,55000,2),(1434,'s7 edge',23,NULL,125000,60000,11),(1435,'tab s2 8 inchi',23,NULL,125000,60000,11),(1436,'vivo v3',24,NULL,100000,55000,2),(1437,'vivo v5',24,NULL,125000,60000,11),(1438,'vivo y21',24,NULL,100000,55000,2),(1439,'vivo y35',24,NULL,100000,55000,2),(1440,'vivo y51',24,NULL,125000,60000,11),(1441,'xiaomi mi3',26,NULL,100000,55000,2),(1442,'xiaomi mi4',26,NULL,100000,55000,2),(1443,'xiaomi note 3',26,NULL,125000,60000,11),(1444,'xiaomi note 3',26,NULL,100000,55000,2),(1445,'xiaomi redmi 3',26,NULL,100000,55000,2),(1446,'xiaomi redmi 3 pro',26,NULL,125000,60000,11),(1447,'xperia c5',27,NULL,125000,60000,11),(1448,'xperia z1',27,NULL,125000,60000,11),(1449,'zenfone 2 laser 5,5',6,NULL,100000,55000,2),(1450,'zenfone 3 5,5',6,NULL,100000,55000,2),(1451,'zenfone 3 laser 5,5',6,NULL,125000,60000,11),(1452,'zenfone 3 max 5,2',6,NULL,125000,60000,11),(1453,'zenfone 3 max 5,2',6,NULL,100000,55000,2),(1454,'zenfone 3 max 5,5',6,NULL,100000,55000,2),(1455,'zenfone 4',6,NULL,110000,55000,10),(1456,'zenfone 5',6,NULL,125000,60000,11),(1457,'zenfone 5',6,NULL,100000,55000,2),(1458,'zenfone c',6,NULL,125000,60000,11);

/*Table structure for table `jenis_bahan` */

DROP TABLE IF EXISTS `jenis_bahan`;

CREATE TABLE `jenis_bahan` (
  `bahan_id` int(11) NOT NULL AUTO_INCREMENT,
  `bahan_name` varchar(100) DEFAULT NULL,
  PRIMARY KEY (`bahan_id`)
) ENGINE=InnoDB AUTO_INCREMENT=13 DEFAULT CHARSET=latin1;

/*Data for the table `jenis_bahan` */

insert  into `jenis_bahan`(`bahan_id`,`bahan_name`) values (1,'FBY'),(2,'HCR'),(3,'PRM B'),(4,'PRM SOFT B'),(5,'PRM SOFT T'),(6,'PRM SOFT W'),(7,'PRM T'),(8,'PRM W'),(9,'SFD'),(10,'SFE'),(11,'SFR'),(12,'(BLANK)');

/*Table structure for table `journal_types` */

DROP TABLE IF EXISTS `journal_types`;

CREATE TABLE `journal_types` (
  `journal_type_id` int(11) NOT NULL AUTO_INCREMENT,
  `journal_type_name` varchar(200) NOT NULL,
  PRIMARY KEY (`journal_type_id`)
) ENGINE=InnoDB AUTO_INCREMENT=5 DEFAULT CHARSET=latin1;

/*Data for the table `journal_types` */

insert  into `journal_types`(`journal_type_id`,`journal_type_name`) values (1,'Penjualan'),(2,'Pembelian'),(3,'Pemasukan lainnya'),(4,'Pengeluaran lainnya');

/*Table structure for table `journals` */

DROP TABLE IF EXISTS `journals`;

CREATE TABLE `journals` (
  `journal_id` int(11) NOT NULL AUTO_INCREMENT,
  `journal_type_id` int(11) NOT NULL,
  `data_id` int(11) NOT NULL,
  `data_url` text NOT NULL,
  `journal_debit` int(11) NOT NULL,
  `journal_credit` int(11) NOT NULL,
  `journal_piutang` int(11) NOT NULL,
  `journal_hutang` int(11) NOT NULL,
  `journal_date` date NOT NULL,
  `journal_desc` text NOT NULL,
  `bank_id` int(11) NOT NULL,
  `user_id` int(11) NOT NULL,
  `branch_id` int(11) NOT NULL,
  PRIMARY KEY (`journal_id`)
) ENGINE=InnoDB AUTO_INCREMENT=28 DEFAULT CHARSET=latin1;

/*Data for the table `journals` */

insert  into `journals`(`journal_id`,`journal_type_id`,`data_id`,`data_url`,`journal_debit`,`journal_credit`,`journal_piutang`,`journal_hutang`,`journal_date`,`journal_desc`,`bank_id`,`user_id`,`branch_id`) values (1,1,2,'',24000,0,0,0,'2017-02-28','Meja Meja 4',0,11,3),(2,1,0,'',53000,0,0,0,'2017-03-01','Meja Meja 2',0,11,3),(3,1,0,'',55000,0,0,0,'2017-03-01','Meja Meja 2',0,11,3),(4,1,0,'',55000,0,0,0,'2017-03-01','Meja Meja 4',0,11,3),(5,1,0,'',55000,0,0,0,'2017-03-01','Meja Meja 4',0,11,3),(6,1,0,'',55000,0,0,0,'2017-03-01','Meja Meja 4',0,11,3),(7,1,0,'',55000,0,0,0,'2017-03-01','Meja Meja 4',0,11,3),(8,1,0,'',55000,0,0,0,'2017-03-01','Meja Meja 4',0,11,3),(9,1,0,'',55000,0,0,0,'2017-03-01','Meja Meja 4',0,11,3),(10,1,0,'',55000,0,0,0,'2017-03-01','Meja Meja 4',0,11,3),(11,1,0,'',55000,0,0,0,'2017-03-01','Meja Meja 4',0,11,3),(12,1,0,'',55000,0,0,0,'2017-03-01','Meja Meja 4',0,11,3),(13,1,0,'',55000,0,0,0,'2017-03-01','Meja Meja 4',0,11,3),(14,1,15,'',55000,0,0,0,'2017-03-01','Meja Meja 4',0,11,3),(15,1,16,'',55000,0,0,0,'2017-03-01','Meja Meja 4',0,11,3),(16,1,17,'',110000,0,0,0,'2017-03-01','Meja Meja 4',0,11,3),(17,1,18,'',28000,0,0,0,'2017-03-02','Meja Meja 4',0,11,3),(18,1,19,'',21000,0,0,0,'2017-03-02','Meja Meja 5',0,11,3),(19,1,20,'',53000,0,0,0,'2017-03-02','Meja Meja 4',0,11,3),(20,1,21,'',30000,0,0,0,'2017-03-16','Meja Meja 3',0,11,3),(21,1,22,'',25000,0,0,0,'2017-03-16','Meja Meja 1',0,11,3),(22,1,23,'',30000,0,0,0,'2017-03-16','Meja Meja 5',0,11,3),(23,1,24,'',25000,0,0,0,'2017-03-18','Meja Meja 4',0,11,3),(24,1,25,'',25000,0,0,0,'2017-03-18','Meja Meja 2',0,11,3),(25,1,1,'',21000,0,0,0,'2017-03-30','Meja ',0,11,3),(26,2,52,'purchase.php?page=form&id=',0,0,0,0,'2017-05-26','',0,11,3),(27,2,53,'purchase.php?page=form&id=',0,10000,0,0,'2017-05-26','hp 4',0,11,3);

/*Table structure for table `kategori_utama` */

DROP TABLE IF EXISTS `kategori_utama`;

CREATE TABLE `kategori_utama` (
  `id_kategori_utama` int(11) NOT NULL AUTO_INCREMENT,
  `kategori_utama_name` varbinary(30) NOT NULL,
  PRIMARY KEY (`id_kategori_utama`)
) ENGINE=InnoDB AUTO_INCREMENT=12 DEFAULT CHARSET=latin1;

/*Data for the table `kategori_utama` */

insert  into `kategori_utama`(`id_kategori_utama`,`kategori_utama_name`) values (1,'Bakmie'),(2,'Nasi'),(3,'Kwetiauw'),(4,'Minuman'),(5,'Paket'),(11,'Go Food');

/*Table structure for table `member_items` */

DROP TABLE IF EXISTS `member_items`;

CREATE TABLE `member_items` (
  `member_item_id` int(11) NOT NULL AUTO_INCREMENT,
  `member_id` int(11) NOT NULL,
  `menu_id` int(11) NOT NULL,
  PRIMARY KEY (`member_item_id`)
) ENGINE=InnoDB DEFAULT CHARSET=latin1;

/*Data for the table `member_items` */

/*Table structure for table `members` */

DROP TABLE IF EXISTS `members`;

CREATE TABLE `members` (
  `member_id` int(11) NOT NULL AUTO_INCREMENT,
  `member_name` varchar(100) NOT NULL,
  `member_phone` varchar(100) NOT NULL,
  `member_alamat` varchar(30) NOT NULL,
  `member_email` varchar(200) NOT NULL,
  `member_settlement` int(11) NOT NULL,
  `member_discount` int(11) NOT NULL,
  `member_discount_type` int(11) NOT NULL,
  PRIMARY KEY (`member_id`)
) ENGINE=InnoDB AUTO_INCREMENT=251 DEFAULT CHARSET=latin1;

/*Data for the table `members` */

insert  into `members`(`member_id`,`member_name`,`member_phone`,`member_alamat`,`member_email`,`member_settlement`,`member_discount`,`member_discount_type`) values (250,'Tirta Rachmandiri','085821364004','Simo Sidomulyo 5 No. 46 B','racodex@gmail.com',0,2,0);

/*Table structure for table `menu_types` */

DROP TABLE IF EXISTS `menu_types`;

CREATE TABLE `menu_types` (
  `menu_type_id` int(11) NOT NULL AUTO_INCREMENT,
  `menu_type_name` varchar(100) NOT NULL,
  `id_kategori_utama` int(11) NOT NULL,
  PRIMARY KEY (`menu_type_id`)
) ENGINE=InnoDB AUTO_INCREMENT=7 DEFAULT CHARSET=latin1;

/*Data for the table `menu_types` */

insert  into `menu_types`(`menu_type_id`,`menu_type_name`,`id_kategori_utama`) values (2,'All Nasi Group',2),(3,'All Minuman Group',4),(4,'All Paket',5),(5,'All Bakmie Group',1),(6,'All Kwetiauw',3);

/*Table structure for table `menus` */

DROP TABLE IF EXISTS `menus`;

CREATE TABLE `menus` (
  `menu_id` int(11) NOT NULL AUTO_INCREMENT,
  `menu_kategori` int(11) NOT NULL,
  `menu_name` varchar(100) NOT NULL,
  `menu_original_price` int(11) NOT NULL,
  `menu_margin_price` int(11) NOT NULL,
  `menu_price` int(11) NOT NULL,
  `menu_img` text NOT NULL,
  PRIMARY KEY (`menu_id`)
) ENGINE=InnoDB DEFAULT CHARSET=latin1;

/*Data for the table `menus` */

/*Table structure for table `merk` */

DROP TABLE IF EXISTS `merk`;

CREATE TABLE `merk` (
  `merk_id` int(11) NOT NULL AUTO_INCREMENT,
  `merk_name` varchar(100) DEFAULT NULL,
  PRIMARY KEY (`merk_id`)
) ENGINE=InnoDB AUTO_INCREMENT=29 DEFAULT CHARSET=latin1;

/*Data for the table `merk` */

insert  into `merk`(`merk_id`,`merk_name`) values (1,'ACER'),(2,'ADVAN'),(3,'ALCATEL'),(4,'ANDROMAX'),(5,'APPLE'),(6,'ASUS'),(7,'BLACKBERRY'),(8,'COOLPAD'),(9,'EVERCROSS'),(10,'GOOGLE'),(11,'HTC'),(12,'HUAWEI'),(13,'INFINIX'),(14,'LENOVO'),(15,'LG'),(16,'MEIZU'),(17,'MITO'),(18,'MOTOROLA'),(19,'NOKIA'),(20,'ONE PLUS'),(21,'OPPO'),(22,'POLYTRON'),(23,'SAMSUNG'),(24,'VIVO'),(25,'WIKO'),(26,'XIAOMI'),(27,'XPERIA'),(28,'ZTE');

/*Table structure for table `notes` */

DROP TABLE IF EXISTS `notes`;

CREATE TABLE `notes` (
  `note_id` int(11) NOT NULL AUTO_INCREMENT,
  `note_category_id` int(11) NOT NULL,
  `note_name` varchar(100) NOT NULL,
  PRIMARY KEY (`note_id`)
) ENGINE=InnoDB AUTO_INCREMENT=24 DEFAULT CHARSET=latin1;

/*Data for the table `notes` */

insert  into `notes`(`note_id`,`note_category_id`,`note_name`) values (1,1,'No Seledri'),(2,1,'No Daun Bawang'),(3,1,'No Bawang Goreng'),(4,1,'No Bawang Goreng'),(5,1,'No Lada'),(6,2,'No Udang'),(7,2,'No Casio'),(8,2,'No Sosis'),(9,2,'No Gromoan'),(10,2,'No Hiwan'),(11,3,'Pedas S'),(12,3,'Pedas M'),(13,3,'Pedas L'),(14,3,'Pedas XL'),(15,4,'Es'),(16,4,'Normal'),(17,4,'Hangat'),(18,4,'Halal'),(19,5,'Bungkus'),(20,4,'Panas'),(21,5,'Kcp Manis'),(22,5,'Cb potong'),(23,5,'SEAFOOD');

/*Table structure for table `payment_methods` */

DROP TABLE IF EXISTS `payment_methods`;

CREATE TABLE `payment_methods` (
  `payment_method_id` int(11) NOT NULL AUTO_INCREMENT,
  `payment_method_name` varchar(100) NOT NULL,
  PRIMARY KEY (`payment_method_id`)
) ENGINE=InnoDB AUTO_INCREMENT=4 DEFAULT CHARSET=latin1;

/*Data for the table `payment_methods` */

insert  into `payment_methods`(`payment_method_id`,`payment_method_name`) values (1,'Cash'),(2,'Debit'),(3,'Credit');

/*Table structure for table `payments` */

DROP TABLE IF EXISTS `payments`;

CREATE TABLE `payments` (
  `payment_id` int(11) NOT NULL AUTO_INCREMENT,
  `registration_id` int(11) NOT NULL,
  `payment_date` date NOT NULL,
  `payment_jumlah` int(11) NOT NULL,
  `payment_sisa` int(11) NOT NULL,
  PRIMARY KEY (`payment_id`)
) ENGINE=MyISAM DEFAULT CHARSET=latin1;

/*Data for the table `payments` */

/*Table structure for table `penyesuaian_stock_cabang` */

DROP TABLE IF EXISTS `penyesuaian_stock_cabang`;

CREATE TABLE `penyesuaian_stock_cabang` (
  `penyesuaian_stock_cabang_id` int(11) NOT NULL AUTO_INCREMENT,
  `user_id` int(11) NOT NULL,
  `branch_id` int(11) NOT NULL,
  `date_penyesuaian` datetime NOT NULL,
  `item_id` int(11) NOT NULL,
  `item_qty_awal` bigint(20) NOT NULL,
  `item_qty_new` bigint(20) NOT NULL,
  PRIMARY KEY (`penyesuaian_stock_cabang_id`)
) ENGINE=InnoDB DEFAULT CHARSET=latin1;

/*Data for the table `penyesuaian_stock_cabang` */

/*Table structure for table `permits` */

DROP TABLE IF EXISTS `permits`;

CREATE TABLE `permits` (
  `permit_id` int(11) NOT NULL AUTO_INCREMENT,
  `user_type_id` int(11) NOT NULL,
  `side_menu_id` int(11) NOT NULL,
  `permit_acces` varchar(10) NOT NULL,
  PRIMARY KEY (`permit_id`)
) ENGINE=InnoDB AUTO_INCREMENT=842 DEFAULT CHARSET=latin1;

/*Data for the table `permits` */

insert  into `permits`(`permit_id`,`user_type_id`,`side_menu_id`,`permit_acces`) values (241,4,1,'0'),(242,4,2,'c,r,u,d'),(243,4,3,'0'),(244,4,4,'0'),(245,4,5,'0'),(246,4,6,'0'),(247,4,7,''),(248,4,8,''),(249,4,9,'c,r,u,d'),(250,4,10,'c,r,u,d'),(251,4,11,''),(252,4,12,'c,r,u,d'),(253,4,13,''),(254,4,14,''),(255,4,15,'c,r,u,d'),(256,4,16,''),(257,4,17,''),(258,4,18,''),(259,4,19,''),(260,4,20,''),(261,4,21,''),(262,4,22,'c,r,u,d'),(263,4,23,''),(264,4,24,''),(699,1,1,'0'),(700,1,2,'c,r,u,d'),(701,1,3,'0'),(702,1,4,'0'),(703,1,5,'0'),(704,1,6,'0'),(705,1,7,'c,r,u,d'),(706,1,8,'c,r,u,d'),(707,1,9,'c,r,u,d'),(708,1,10,'c,r,u,d'),(709,1,11,'c,r,u,d'),(710,1,12,'c,r,u,d'),(711,1,13,'c,r,u,d'),(712,1,14,'c,r,u,d'),(713,1,15,'c,r,u,d'),(714,1,16,'c,r,u,d'),(715,1,17,'c,r,u,d'),(716,1,18,'c,r,u,d'),(717,1,19,'c,r,u,d'),(718,1,20,'c,r,u,d'),(719,1,21,'c,r,u,d'),(720,1,22,'c,r,u,d'),(721,1,23,'c,r,u,d'),(722,1,24,'c,r,u,d'),(723,1,25,'c,r,u,d'),(724,1,26,'c,r,u,d'),(725,1,27,'c,r,u,d'),(726,1,28,'c,r,u,d'),(727,1,30,'c,r,u,d'),(784,2,1,'0'),(785,2,2,'c,r,u,d'),(786,2,3,'0'),(787,2,4,'0'),(788,2,5,'0'),(789,2,6,'0'),(790,2,7,''),(791,2,8,'c,r,u,d'),(792,2,9,'c,r,u,d'),(793,2,10,'c,r,u,d'),(794,2,11,''),(795,2,12,'c,r,u,d'),(796,2,13,'c,r,u,d'),(797,2,14,'c,r,u,d'),(798,2,15,'c,r,u,d'),(799,2,16,'c,r,u,d'),(800,2,17,'c,r,u,d'),(801,2,18,'c,r,u,d'),(802,2,19,'c,r,u,d'),(803,2,20,'c,r,u,d'),(804,2,21,'c,r,u,d'),(805,2,22,'c,r,u,d'),(806,2,23,''),(807,2,24,''),(808,2,25,''),(809,2,26,''),(810,2,27,''),(811,2,28,'c,r,u,d'),(812,3,1,'0'),(813,3,2,'c,r,u,d'),(814,3,3,'0'),(815,3,4,'0'),(816,3,5,'0'),(817,3,6,'0'),(818,3,7,'c,r,u,d'),(819,3,8,'c,r,u,d'),(820,3,9,'c,r,u,d'),(821,3,10,'c,r,u,d'),(822,3,11,'c,r,u,d'),(823,3,12,'c,r,u,d'),(824,3,13,'c,r,u,d'),(825,3,14,'c,r,u,d'),(826,3,15,'c,r,u,d'),(827,3,16,'c,r,u,d'),(828,3,17,'c,r,u,d'),(829,3,18,'c,r,u,d'),(830,3,19,'c,r,u,d'),(831,3,20,'c,r,u,d'),(832,3,21,'c,r,u,d'),(833,3,22,'c,r,u,d'),(834,3,23,'c,r,u,d'),(835,3,24,'c,r,u,d'),(836,3,25,'c,r,u,d'),(837,3,26,'c,r,u,d'),(838,3,27,'c,r,u,d'),(839,3,28,'c,r,u,d'),(841,3,29,'c,r,u,d');

/*Table structure for table `purchases` */

DROP TABLE IF EXISTS `purchases`;

CREATE TABLE `purchases` (
  `purchase_id` int(11) NOT NULL AUTO_INCREMENT,
  `purchase_date` date NOT NULL,
  `item_id` int(11) NOT NULL,
  `purchase_qty` int(11) NOT NULL,
  `purchase_price` int(11) NOT NULL,
  `purchase_total` int(11) NOT NULL,
  `supplier_id` int(11) NOT NULL,
  `branch_id` int(11) NOT NULL,
  PRIMARY KEY (`purchase_id`)
) ENGINE=MyISAM DEFAULT CHARSET=latin1;

/*Data for the table `purchases` */

/*Table structure for table `reserved` */

DROP TABLE IF EXISTS `reserved`;

CREATE TABLE `reserved` (
  `reserved_id` int(11) NOT NULL AUTO_INCREMENT,
  `table_id` int(11) NOT NULL,
  `name` varchar(200) NOT NULL,
  `phone` varchar(50) NOT NULL,
  `address` text NOT NULL,
  `amount` int(11) NOT NULL,
  `date` datetime NOT NULL,
  `status` int(11) NOT NULL,
  PRIMARY KEY (`reserved_id`)
) ENGINE=InnoDB DEFAULT CHARSET=latin1;

/*Data for the table `reserved` */

/*Table structure for table `side_menus` */

DROP TABLE IF EXISTS `side_menus`;

CREATE TABLE `side_menus` (
  `side_menu_id` int(11) NOT NULL AUTO_INCREMENT,
  `side_menu_name` varchar(100) NOT NULL,
  `side_menu_url` varchar(100) NOT NULL,
  `side_menu_parent` int(11) NOT NULL,
  `side_menu_icon` varchar(100) NOT NULL,
  `side_menu_level` int(11) NOT NULL,
  `side_menu_type_parent` int(11) NOT NULL,
  PRIMARY KEY (`side_menu_id`)
) ENGINE=InnoDB AUTO_INCREMENT=30 DEFAULT CHARSET=latin1;

/*Data for the table `side_menus` */

insert  into `side_menus`(`side_menu_id`,`side_menu_name`,`side_menu_url`,`side_menu_parent`,`side_menu_icon`,`side_menu_level`,`side_menu_type_parent`) values (1,'Master','#',0,'fa fa-edit',1,0),(2,'Order','transaction.php',3,'fa fa-mobile',2,1),(3,'Transaksi','#',0,'fa fa-shopping-cart',1,0),(4,'Accounting','#',0,'fa fa-list-alt',1,0),(5,'Laporan','#',0,'fa fa-list-alt',1,0),(6,'Setting','#',0,'fa fa-cog',1,0),(7,'Cabang','branch.php',1,'',2,1),(10,'Item','item.php',1,'',2,1),(13,'Supplier','supplier.php',1,'',2,1),(16,'Pembelian','purchase.php',3,'',2,1),(17,'Stok','stock.php',3,'',2,1),(18,'Arus Kas','arus_kas.php',4,'',2,1),(19,'Pemasukan Dan Pengeluaran Lainnya','jurnal_umum.php',4,'',2,1),(20,'Laporan Detail','report_detail.php',5,'',2,1),(21,'Laporan Harian','report_harian.php',5,'',2,1),(23,'User','user.php',6,'',2,1),(24,'Type User','user_type.php',6,'',2,1),(25,'Penyesuaian Stock','penyesuaian_stock.php',1,'',2,1),(26,'Laporan Penyesuaian Stock','report_penyesuaian_stock.php',5,'',2,1),(28,'Merk','merk.php',1,'',2,1),(29,'Jenis Bahan','jenis_bahan.php',1,'',2,1);

/*Table structure for table `suppliers` */

DROP TABLE IF EXISTS `suppliers`;

CREATE TABLE `suppliers` (
  `supplier_id` int(11) NOT NULL AUTO_INCREMENT,
  `supplier_name` varchar(50) NOT NULL,
  `supplier_phone` int(11) NOT NULL,
  `supplier_email` varchar(100) NOT NULL,
  `supplier_addres` varchar(100) NOT NULL,
  PRIMARY KEY (`supplier_id`)
) ENGINE=MyISAM AUTO_INCREMENT=7 DEFAULT CHARSET=latin1;

/*Data for the table `suppliers` */

insert  into `suppliers`(`supplier_id`,`supplier_name`,`supplier_phone`,`supplier_email`,`supplier_addres`) values (6,'Bakmi Gili Pusat',315484702,'bakmie.gili@gmail.com','MT. Haryono No. 42');

/*Table structure for table `tables` */

DROP TABLE IF EXISTS `tables`;

CREATE TABLE `tables` (
  `table_id` int(11) NOT NULL AUTO_INCREMENT,
  `building_id` int(11) NOT NULL,
  `table_name` varchar(100) NOT NULL,
  `data_x` int(11) NOT NULL,
  `data_y` int(11) NOT NULL,
  `chair_number` int(11) NOT NULL,
  `table_status_id` int(11) NOT NULL,
  `tms_id` int(11) NOT NULL,
  PRIMARY KEY (`table_id`)
) ENGINE=InnoDB AUTO_INCREMENT=62 DEFAULT CHARSET=latin1;

/*Data for the table `tables` */

insert  into `tables`(`table_id`,`building_id`,`table_name`,`data_x`,`data_y`,`chair_number`,`table_status_id`,`tms_id`) values (50,7,'Delivery Delta',575,417,1,1,0),(51,7,'Meja 1',746,338,4,1,0),(52,7,'Meja 2',441,326,4,1,0),(53,7,'Meja 3',590,256,4,1,0),(54,7,'Meja 4',311,242,4,1,0),(55,7,'Meja 5',454,167,4,1,0),(56,8,'Delivery TP',605,439,1,1,0),(57,8,'Meja 1',769,344,4,1,0),(58,8,'Meja 2',476,359,4,1,0),(59,8,'Meja 3',622,255,4,1,0),(60,8,'Meja 4',308,270,4,1,0),(61,8,'Meja 5',462,174,4,1,0);

/*Table structure for table `transaction_bills` */

DROP TABLE IF EXISTS `transaction_bills`;

CREATE TABLE `transaction_bills` (
  `transaction_id` int(11) NOT NULL,
  `table_id` int(11) NOT NULL,
  `member_id` int(11) NOT NULL,
  `transaction_date` datetime NOT NULL,
  `tot_id` int(11) NOT NULL,
  `user_id` int(11) NOT NULL,
  `transaction_code` int(11) NOT NULL,
  PRIMARY KEY (`transaction_id`)
) ENGINE=InnoDB DEFAULT CHARSET=latin1;

/*Data for the table `transaction_bills` */

/*Table structure for table `transaction_details` */

DROP TABLE IF EXISTS `transaction_details`;

CREATE TABLE `transaction_details` (
  `transaction_detail_id` int(11) NOT NULL AUTO_INCREMENT,
  `transaction_id` int(11) NOT NULL,
  `item_id` int(11) DEFAULT NULL,
  `transaction_detail_original_price` int(11) DEFAULT NULL,
  `transaction_detail_margin_price` int(11) DEFAULT NULL,
  `transaction_detail_price` int(11) DEFAULT NULL,
  `transaction_detail_price_discount` int(11) DEFAULT NULL,
  `transaction_detail_grand_price` int(11) DEFAULT NULL,
  `transaction_detail_qty` int(11) DEFAULT NULL,
  `transaction_detail_total` int(11) DEFAULT NULL,
  PRIMARY KEY (`transaction_detail_id`)
) ENGINE=InnoDB AUTO_INCREMENT=2 DEFAULT CHARSET=latin1;

/*Data for the table `transaction_details` */

insert  into `transaction_details`(`transaction_detail_id`,`transaction_id`,`item_id`,`transaction_detail_original_price`,`transaction_detail_margin_price`,`transaction_detail_price`,`transaction_detail_price_discount`,`transaction_detail_grand_price`,`transaction_detail_qty`,`transaction_detail_total`) values (1,1,1,21000,0,21000,0,21000,1,21000);

/*Table structure for table `transaction_histories` */

DROP TABLE IF EXISTS `transaction_histories`;

CREATE TABLE `transaction_histories` (
  `transaction_id` int(11) NOT NULL,
  `table_id` int(11) NOT NULL,
  `branch_id` int(11) NOT NULL,
  `member_id` int(11) NOT NULL,
  `transaction_date` datetime NOT NULL,
  `transaction_total` int(11) NOT NULL,
  `transaction_discount` int(11) NOT NULL,
  `transaction_grand_total` int(11) NOT NULL,
  `transaction_payment` int(11) NOT NULL,
  `transaction_change` int(11) NOT NULL,
  `payment_method_id` int(11) NOT NULL,
  `bank_id` int(11) NOT NULL,
  `user_id` int(11) NOT NULL,
  `bank_account_number` varchar(100) NOT NULL,
  `transaction_code` int(11) NOT NULL,
  `user_delete` int(11) NOT NULL,
  `status` int(11) NOT NULL,
  PRIMARY KEY (`transaction_id`)
) ENGINE=InnoDB DEFAULT CHARSET=latin1;

/*Data for the table `transaction_histories` */

/*Table structure for table `transaction_new_tmp` */

DROP TABLE IF EXISTS `transaction_new_tmp`;

CREATE TABLE `transaction_new_tmp` (
  `tnt_id` int(11) NOT NULL AUTO_INCREMENT,
  `table_id` int(11) NOT NULL,
  `user_id` int(11) NOT NULL,
  `member_id` int(11) NOT NULL,
  `menu_id` int(11) NOT NULL,
  `tnt_price` int(11) NOT NULL,
  `tnt_discount` int(11) NOT NULL,
  `tnt_grand_price` int(11) NOT NULL,
  `tnt_qty` int(11) NOT NULL,
  `tnt_total` int(11) NOT NULL,
  PRIMARY KEY (`tnt_id`)
) ENGINE=InnoDB DEFAULT CHARSET=latin1;

/*Data for the table `transaction_new_tmp` */

/*Table structure for table `transaction_order_types` */

DROP TABLE IF EXISTS `transaction_order_types`;

CREATE TABLE `transaction_order_types` (
  `tot_id` int(11) NOT NULL AUTO_INCREMENT,
  `tot_name` varchar(100) NOT NULL,
  PRIMARY KEY (`tot_id`)
) ENGINE=InnoDB AUTO_INCREMENT=4 DEFAULT CHARSET=latin1;

/*Data for the table `transaction_order_types` */

insert  into `transaction_order_types`(`tot_id`,`tot_name`) values (1,'Dining'),(2,'Take away'),(3,'Delivery');

/*Table structure for table `transaction_summary` */

DROP TABLE IF EXISTS `transaction_summary`;

CREATE TABLE `transaction_summary` (
  `id_transaction_summary` int(11) NOT NULL AUTO_INCREMENT,
  `transaction_grtotal_summary` varchar(45) NOT NULL,
  `transaction_summarycol` varchar(45) NOT NULL,
  `transaction_total` varchar(45) NOT NULL,
  PRIMARY KEY (`id_transaction_summary`)
) ENGINE=InnoDB DEFAULT CHARSET=latin1;

/*Data for the table `transaction_summary` */

/*Table structure for table `transaction_tmp_details` */

DROP TABLE IF EXISTS `transaction_tmp_details`;

CREATE TABLE `transaction_tmp_details` (
  `transaction_detail_id` int(11) NOT NULL AUTO_INCREMENT,
  `transaction_id` int(11) NOT NULL,
  `menu_id` int(11) NOT NULL,
  `transaction_detail_original_price` int(11) NOT NULL,
  `transaction_detail_margin_price` int(11) NOT NULL,
  `transaction_detail_price` int(11) NOT NULL,
  `transaction_detail_price_discount` int(11) NOT NULL,
  `transaction_detail_grand_price` int(11) NOT NULL,
  `transaction_detail_qty` int(11) NOT NULL,
  `transaction_detail_total` int(11) NOT NULL,
  `transaction_detail_status` int(11) NOT NULL,
  PRIMARY KEY (`transaction_detail_id`)
) ENGINE=InnoDB DEFAULT CHARSET=latin1;

/*Data for the table `transaction_tmp_details` */

/*Table structure for table `transactions` */

DROP TABLE IF EXISTS `transactions`;

CREATE TABLE `transactions` (
  `transaction_id` int(11) NOT NULL AUTO_INCREMENT,
  `transaction_code` varchar(11) NOT NULL,
  `branch_id` int(11) NOT NULL,
  `member_id` int(11) NOT NULL,
  `transaction_date` datetime NOT NULL,
  `transaction_total` int(11) NOT NULL,
  `transaction_discount` int(11) NOT NULL,
  `disc_member` int(11) NOT NULL,
  `transaction_grand_total` int(11) NOT NULL,
  `transaction_payment` int(11) NOT NULL,
  `transaction_change` int(11) NOT NULL,
  `transaction_disc_nominal` int(11) NOT NULL,
  `payment_method_id` int(11) NOT NULL,
  `bank_id` int(11) NOT NULL,
  `user_id` int(11) NOT NULL,
  `bank_account_number` varchar(100) NOT NULL,
  `flag_code` int(1) DEFAULT NULL,
  PRIMARY KEY (`transaction_id`)
) ENGINE=MyISAM AUTO_INCREMENT=2 DEFAULT CHARSET=latin1;

/*Data for the table `transactions` */

insert  into `transactions`(`transaction_id`,`transaction_code`,`branch_id`,`member_id`,`transaction_date`,`transaction_total`,`transaction_discount`,`disc_member`,`transaction_grand_total`,`transaction_payment`,`transaction_change`,`transaction_disc_nominal`,`payment_method_id`,`bank_id`,`user_id`,`bank_account_number`,`flag_code`) values (1,'1490836268',3,0,'2017-03-30 03:11:08',0,0,0,21000,21000,0,0,1,0,11,'',1);

/*Table structure for table `transactions_tmp` */

DROP TABLE IF EXISTS `transactions_tmp`;

CREATE TABLE `transactions_tmp` (
  `transaction_id` int(11) NOT NULL AUTO_INCREMENT,
  `table_id` int(11) NOT NULL,
  `alamat` varchar(30) NOT NULL,
  `member_id` int(11) NOT NULL,
  `jml_orang` int(11) NOT NULL,
  `transaction_date` datetime NOT NULL,
  `tot_id` int(11) NOT NULL,
  `user_id` int(11) NOT NULL,
  `transaction_code` int(11) NOT NULL,
  `branch_id` int(11) NOT NULL,
  PRIMARY KEY (`transaction_id`)
) ENGINE=InnoDB DEFAULT CHARSET=latin1;

/*Data for the table `transactions_tmp` */

/*Table structure for table `units` */

DROP TABLE IF EXISTS `units`;

CREATE TABLE `units` (
  `unit_id` int(11) NOT NULL AUTO_INCREMENT,
  `unit_name` varchar(20) NOT NULL,
  PRIMARY KEY (`unit_id`)
) ENGINE=MyISAM AUTO_INCREMENT=6 DEFAULT CHARSET=latin1;

/*Data for the table `units` */

insert  into `units`(`unit_id`,`unit_name`) values (1,'Biji'),(2,'ml'),(3,'Gram'),(4,'Pack'),(5,'Kodi');

/*Table structure for table `user_types` */

DROP TABLE IF EXISTS `user_types`;

CREATE TABLE `user_types` (
  `user_type_id` int(11) NOT NULL AUTO_INCREMENT,
  `user_type_name` varchar(200) NOT NULL,
  PRIMARY KEY (`user_type_id`)
) ENGINE=InnoDB AUTO_INCREMENT=5 DEFAULT CHARSET=latin1;

/*Data for the table `user_types` */

insert  into `user_types`(`user_type_id`,`user_type_name`) values (1,'Administrator'),(2,'Kasir'),(3,'Owner'),(4,'Waitress');

/*Table structure for table `users` */

DROP TABLE IF EXISTS `users`;

CREATE TABLE `users` (
  `user_id` int(11) NOT NULL AUTO_INCREMENT,
  `user_type_id` int(11) DEFAULT NULL,
  `user_login` varchar(100) DEFAULT NULL,
  `user_password` varchar(100) DEFAULT NULL,
  `user_name` varchar(100) DEFAULT NULL,
  `user_code` varchar(100) DEFAULT NULL,
  `user_phone` varchar(100) DEFAULT NULL,
  `user_img` text NOT NULL,
  `user_active_status` int(11) NOT NULL,
  `branch_id` int(11) NOT NULL,
  PRIMARY KEY (`user_id`)
) ENGINE=InnoDB AUTO_INCREMENT=41 DEFAULT CHARSET=utf8;

/*Data for the table `users` */

insert  into `users`(`user_id`,`user_type_id`,`user_login`,`user_password`,`user_name`,`user_code`,`user_phone`,`user_img`,`user_active_status`,`branch_id`) values (11,3,'admin','fe01ce2a7fbac8fafaed7c982a04e229','admin','A0001','03125435432','1493796268_default.jpg',1,3),(32,3,'maria','fe01ce2a7fbac8fafaed7c982a04e229','maria','','1111','',1,4),(34,1,'budi','101eb6ad45137d043a8e3f8fb3990135','budi','','3232','',1,3),(39,2,'dita','fe01ce2a7fbac8fafaed7c982a04e229','Dita','','085731404513','',1,3),(40,4,'elina','fe01ce2a7fbac8fafaed7c982a04e229','Lina','','085852731314','',1,4);

/*Table structure for table `widget_tmp` */

DROP TABLE IF EXISTS `widget_tmp`;

CREATE TABLE `widget_tmp` (
  `wt_id` int(11) NOT NULL AUTO_INCREMENT,
  `user_id` int(11) NOT NULL,
  `menu_id` int(11) NOT NULL,
  `jumlah` int(11) NOT NULL,
  `transaction_id` int(11) NOT NULL,
  `wt_desc` text NOT NULL,
  `printed` int(11) NOT NULL,
  PRIMARY KEY (`wt_id`)
) ENGINE=InnoDB AUTO_INCREMENT=3 DEFAULT CHARSET=latin1;

/*Data for the table `widget_tmp` */

insert  into `widget_tmp`(`wt_id`,`user_id`,`menu_id`,`jumlah`,`transaction_id`,`wt_desc`,`printed`) values (1,11,1,1,1,'',0),(2,11,1,1,2,'',0);

/*Table structure for table `widget_tmp_details` */

DROP TABLE IF EXISTS `widget_tmp_details`;

CREATE TABLE `widget_tmp_details` (
  `wtd_id` int(11) NOT NULL AUTO_INCREMENT,
  `wt_id` int(11) NOT NULL,
  `note_id` int(11) NOT NULL,
  PRIMARY KEY (`wtd_id`)
) ENGINE=InnoDB DEFAULT CHARSET=latin1;

/*Data for the table `widget_tmp_details` */

/*!40101 SET SQL_MODE=@OLD_SQL_MODE */;
/*!40014 SET FOREIGN_KEY_CHECKS=@OLD_FOREIGN_KEY_CHECKS */;
/*!40014 SET UNIQUE_CHECKS=@OLD_UNIQUE_CHECKS */;
/*!40111 SET SQL_NOTES=@OLD_SQL_NOTES */;
